Workbook

Sheet Cennik Produkcja 
A2: Zdjęcie | B2: Nazwa | C2: Kalkulacja | H2: Rabat :
B5: Przepustnica wielopłaszczyznowa | D5: Szerokość B/mm | E5: Wysokość H/mm | G5: Cena netto
D6: 350 | E6: 250 | G6: =Przepustnice!F39 -> 234.13019 | H6: N
D7: Typ R/B | G7: Cena wyprodukowania | H7: =(G6-G8)/G8 -> 2.5264316
D8: B | G8: =Przepustnice!F37 -> 66.392947
D9: Szerokość B/mm | E9: Wysokość H/mm | G9: Cena netto
D10: 250 | E10: 200 | G10: =Przepustnice!F66 -> 82.837092 | H10: N
B11: Przepustnica jednopłaszczyznowa | D11: Długość L/mm | G11: Cena wyprodukowania | H11: =(G10-G12)/G12 -> 1.2242584
D12: 250 | G12: =Przepustnice!F64 -> 37.242567
D15: Szerokość B/mm | E15: Wysokość H/mm | F15: ZA RAL | G15: Cena netto
B16: Czerpnia ścienna standardowa | D16: 250 | E16: 150 | F16: =IF((D16*E16*4)/1000000 <= 1, 'Ceny składowe'!C90, ((D16*E16*4)/1000000) * 'Ceny składowe'!C90) -> 70 | G16: ='Czerpnia ścienna'!M22 -> 69.35 | H16: N
G17: Cena wyprodukowania | H17: =(G16-G18)/G18 -> 0.73485388
G18: ='Czerpnia ścienna'!F23 -> 39.974548
D20: Wymiar A | E20: Wymiar B | G20: Cena netto
D21: 550 | E21: 550 | G21: ='Czerpnia dachowa lamelowa'!F38 -> 702.441 | H21: N
B22: Czerpnia/wyrzutnia lamelowa | D22: Wysokość h(e)/mm | E22: Wysokość H/mm | G22: Cena wyprodukowania | H22: =(G21-G23)/G23 -> 1.2319934
D23: 500 | E23: 800 | G23: ='Czerpnia dachowa lamelowa'!F41 -> 314.71463
D24: ilość lameli | E24: wysokość stopy
D25: =((ROUND(D23,0.1))/70) -> 7.1428571 | E25: =E23-D23 -> 300
D27: Wymiar A | E27: Wymiar B | G27: Cena netto
D28: 500 | E28: 500 | G28: ='Czerpnia dachowa lamelowa'!F85 -> 657.972 | H28: N
B29: Czerpnia/wyrzutnia lamelowa | D29: Wysokość h(stopka)/mm | E29: ilość lameli | F29: wysokość lam. | G29: Cena wyprodukowania | H29: =(G28-G30)/G30 -> 1.411989
B30: (ALNOR) | D30: 300 | E30: ='Czerpnia dachowa lamelowa'!G55 -> 7 | F30: =E30*70 -> 490 | G30: ='Czerpnia dachowa lamelowa'!F88 -> 272.79229
D34: Wymiar A | E34: Wymiar B | G34: Cena netto
D35: 500 | E35: 500 | G35: ='Czerpnia dachowa lamelowa'!U85 -> 616.76 | H35: N
B36: Czerpnia/wyrzutnia lamelowa | D36: Wysokość h(stopka)/mm | E36: ilość lameli | F36: wysokość lam. | G36: Cena wyprodukowania | H36: =(G35-G37)/G37 -> 1.6799894
B37: (SMAY) | D37: 300 | E37: ='Czerpnia dachowa lamelowa'!V55 -> 5 | F37: =E37*70 -> 350 | G37: ='Czerpnia dachowa lamelowa'!U88 -> 230.13524
D41: Wymiar A | E41: Wymiar B | G41: Cena netto
D42: 400 | E42: 400 | G42: =Wyrzutnie!N77 -> 651.05298 | H42: N
B43: Wyrzutnia dachowa WDQ-E | E43: Długość L/mm | G43: Cena wyprodukowania | H43: =(G42-G44)/G44 -> 3.3663974
B44: typ-E | E44: =Wyrzutnie!K45 -> 890 | G44: =Wyrzutnie!N81 -> 149.1053
D49: Szerokość B/mm | E49: Wysokość H/mm | G49: Cena netto
B50: Tłumik akustyczny prostokątny | D50: 1400 | E50: 300 | G50: ='Tłumik prostokątny'!F44 -> 1131.9408 | H50: N
D51: Długość L/mm | E51: Rozmiar kulis | F51: Ilość kulis | G51: Cena wyprodukowania | H51: =(G50-G52)/G52 -> 1.2352504
D52: 1000 | E52: =IF(D50<=1000,100,IF(D50>1000,200)) -> 200 | F52: =IF(D50<=300,1,IF(D50<=500,2,IF(D50<=700,3,IF(D50<=900,4,IF(D50<=1000,5,IF(D50<=1300,3,IF(D50<=1700,4,IF(D50<=2000,5,IF(D50<=2500,6,IF(D50<=3000,7)))))))))) -> 4 | G52: ='Tłumik prostokątny'!F48 -> 506.40445
D56: Szerokość B/mm | E56: Wysokość H/mm | G56: Cena netto
D57: 550 | E57: 300 | G57: ='Tłumik prostokątny'!F93 -> 493.45325 | H57: N
B58: Tłumik akustyczny prostokątny | D58: Długość L/mm | E58: Rozmiar kulis | F58: Ilość kulis | G58: Cena wyprodukowania | H58: =(G57-G59)/G59 -> 2.7445132
B59: niestandarowe kulisy | D59: 1000 | E59: 100 | F59: 2 | G59: ='Tłumik prostokątny'!F97 -> 131.78035
G60: Cena netto kulisy
G61: ='Tłumik prostokątny'!M91 -> 121.116 | H61: N
E62: Standardowe kulisy | G62: Cena wyprodukowania kulisy | H62: =(G61-G63)/G63 -> 2.1686515
E63: =IF(D57<=1000,100,IF(D57>1000,200)) -> 100 | F63: =IF(D57<=300,1,IF(D57<=500,2,IF(D57<=700,3,IF(D57<=900,4,IF(D57<=1000,5,IF(D57<=1300,3,IF(D57<=1700,4,IF(D57<=2000,5,IF(D57<=2500,6,IF(D57<=3000,7)))))))))) -> 3 | G63: ='Tłumik prostokątny'!M95 -> 38.2232
D65: Grubość wełny | E65: Izolacja grubość | G65: Cena produkcji na spiro
D66: 50 | E66: ='Tłumik okrągły'!A27 -> VENTILAM ALU 50MM | G66: ='Tłumik okrągły'!M38 -> 259.03145
B67: Tłumik akustyczny okrągły | D67: Średnica fi/mm | E67: Długość L/mm | G67: Cena netto | H67: =(G68-G66)/G66 -> 0.83655142
D68: 400 | E68: 1200 | G68: ='Tłumik okrągły'!F32 -> 475.72457 | H68: N
G69: Cena wyprodukowania | H69: =(G68-G70)/G70 -> 0.87541277
G70: ='Tłumik okrągły'!M37 -> 253.66393
D72: Wymiar A | E72: Wymiar B | G72: Cena netto
D73: 305 | E73: 305 | G73: ='Cokół COKD'!T78 -> 190.84109 | H73: N
B74: Podstawa pod wentylator (kauczuk) | D74: Długość L/mm | E74: Średnica fi/mm | G74: Cena wyprodukowania | H74: =(G73-G75)/G75 -> 1.3805138
D75: 400 | E75: 160 | G75: ='Cokół COKD'!T82 -> 80.168028
D76: Grubość izolacji | F76: Aereco/Harman
D77: 10 | E77: ='Cokół COKD'!O72 -> KAUCZUK 10MM | F77: H
D79: Wymiar A | E79: Wymiar B | G79: Cena netto
D80: 200 | E80: 200 | G80: ='Cokół COKD'!F34 -> 150
B81: Cokół dachowy | D81: Długość L/mm
D82: 600
D86: Wymiar A | E86: Wymiar B | G86: Cena netto
D87: 400 | E87: 400 | G87: ='Cokół COKD'!F71 -> 139.60488
B88: Cokół dachowy z ramką | D88: Długość L/mm
D89: 300
D93: Wymiar A | E93: Wymiar B | G93: Cena netto
D94: 690 | E94: 690 | G94: ='Cokół COKD'!M34 -> 681.17106
B95: Cokół dachowy (kauczuk) | D95: Długość L/mm
D96: 898
D97: Grubość izolacji
D98: 19 | E98: ='Cokół COKD'!H30 -> KAUCZUK 19MM
D100: Wymiar A | E100: Wymiar B | G100: Cena netto
D101: 400 | E101: 400 | G101: ='Cokół COKD'!T34 -> 417.84526
B102: Cokół dachowy (wełna tłumiąca) | D102: Długość L/mm
D103: 750
D104: Grubość izolacji
D105: 50 | E105: ='Cokół COKD'!O30 -> INDUSTRIAL60
D107: Wymiar A | E107: Wymiar B | G107: Cena netto
D108: 1100 | E108: 400 | G108: ='Cokół COKD'!AA35 -> 503.67632
B109: Cokół dachowy (wełna ventilam) | D109: Długość L/mm
D110: 600
D112: 50 | E112: ='Cokół COKD'!V30 -> VENTILAM ALU PLUS 50MM
D115: Wymiar A | E115: Wymiar B | G115: Cena netto
D116: 350 | E116: 150 | G116: ='Puszka rozprężna'!L41 -> 67.932157 | H116: N
B117: Puszka rozprężna zwykła | D117: Długość L/mm | E117: Średnica fi/mm | G117: Cena wyprodukowania | H117: =(G116-G118)/G118 -> 1.5154184
D118: 250 | E118: 1 | G118: ='Puszka rozprężna'!H44 -> 27.006305
G119: Dopłata za przepustnicę
G120: =VLOOKUP(E118, 'Ceny składowe'!$H$81:$I$87, 2, FALSE) -> #N/A
D124: Wymiar A | E124: Wymiar B | G124: Cena netto
D125: 505 | E125: 210 | G125: ='Puszka rozprężna'!L87 -> 93.284592
B126: Puszka rozprężna z ramką | D126: Długość L/mm | E126: Średnica fi/mm
D127: 300 | E127: 200
G128: Dopłata za przepustnicę
G129: =VLOOKUP(E127, 'Ceny składowe'!$H$81:$I$87, 2, FALSE) -> 19.2
D133: Wymiar A | E133: Wymiar B | G133: Cena netto
D134: 585 | E134: 585 | G134: ='Puszka rozprężna'!F42 -> 138.3576 | H134: N
B135: Puszka rozprężna z nitonakrętką | D135: Długość L/mm | E135: Średnica fi/mm | G135: Cena wyprodukowania | H135: =(G134-G136)/G136 -> 1.6334181
D136: 325 | E136: 125 | G136: ='Puszka rozprężna'!C45 -> 52.539169
G137: Dopłata za przepustnicę
G138: =VLOOKUP(E136, 'Ceny składowe'!$H$81:$I$87, 2, FALSE) -> 15.6
D142: Wymiar A | E142: Wymiar B | G142: Cena netto
D143: 500 | E143: 200 | G143: ='Puszka rozprężna'!F87 -> 105.57284
...

Sheet Ceny składowe
A1: aktualizacja cen (21.09.2026)
A4: KOD OPTIMA | B4: Materiał | C4: cena jedn. | D4: j.m
A6: BLACHA0,60X1500 | B6: Blacha 0,6 | C6: 4.3 | D6: kg
A7: BLACHA0,80X1500 | B7: Blacha 0,8 | C7: 4.2 | D7: kg
A8: BLACHA0,90X1500 | B8: Blacha 0,9 | C8: 4.2 | D8: kg
A9: BLACHA0.50X137 | B9: Blacha 0,5 spiro II Gat. | C9: 4.3 | D9: kg
A10: BLACHA0,5X2000X1000NIERDZ | B10: Blacha 0,5 nierdzewna | C10: 170 | D10: arkusz | E10: (2m2)
A11: BLACHA0,7X2500X1250NIERDZ | B11: Blacha 0,7 nierdzewna | C11: 360 | D11: arkusz | E11: (3,125m2)
A12: KAIFLEX/ST/25/SAMOPRZYLEP | B12: Izolacja kauczukowa | C12: 45.27 | D12: m2
A13: KAUCZUK 10MM | B13: Izolacja kauczukowa | C13: 26.81 | D13: m2 | E13: (20m2)
A14: KAUCZUK 13MM | B14: Izolacja kauczukowa | C14: 28.21 | D14: m2 | E14: (11m2)
A15: KAUCZUK 19MM | B15: Izolacja kauczukowa | C15: 38.35 | D15: m2 | E15: (8m2)
A16: INSUL-ROLL 32 | B16: Izolacja kauczukowa | C16: 57.07 | D16: m2 | E16: (4m2)
A17: KOŁNIERZAMORTYZUJACY (CN) | B17: Taśma amortyzująca | C17: 3.06 | D17: mb
A18: KOŁOZĘBATE | B18: Koło zębate | C18: 1.06 | D18: szt.
A19: QPL-8 | B19: Łożysko | C19: 0.55 | D19: szt.
A20: NAROŻNIK-K20 | B20: Narożnik 20mm | C20: 0.27 | D20: szt.
A21: NAROŻNIKNIERDZ20 | B21: Narożnik 20mm nierdzewny | C21: 2.7 | D21: szt.
A22: NAROŻNIK-K30 | B22: Narożniki 30mm | C22: 0.75 | D22: szt.
A23: NAROŻNIKNIERDZ30 | B23: Narożniki 30mm nierdzewny | C23: 5.1 | D23: szt.
A24: NAROŻNIKCZERPNI | B24: Narożnik czerpni | C24: 1.1 | D24: szt.
A25: NITONAKRĘTKA M6 | B25: Nitonakrętka M6 | C25: 0.16 | D25: szt.
A26: NITONAKRĘTKA M8 | B26: Nitonakrętka M8 | C26: 0.19 | D26: szt.
A27: NITONAKRĘTKA M10 | B27: Nitonakrętka M10 | C27: 0.3 | D27: szt.
A28: QOTD | B28: Oś długa | C28: 0.57 | D28: szt.
... A39: PROFILCZERPNIP | B39: Profil ramy czerpni punktowany | C39: 11.9 | D39: mb
A40: PROFILPRZEPUSTNICAWILOPŁ | B40: Profil przepustnicy | C40: 22.9 | D40: mb | E40: (1,7mb) | F40: PROFIL ALU.PIÓRO
A41: SIATKACASANET19X19 L=1500 | B41: Siatka 19x19 1,5m | C41: 24.39 | D41: mb
A42: SIATKACASANET19X19 | B42: Siatka 19x19 1m | C42: 17.2 | D42: mb/m2
A43: WŁOKNINAFILTRG3/2000/20000 | B43: Włóknina filtracyjna | C43: 5.79 | D43: m2 | E43: 40m2 | F43: doliczony koszt dostawy 100zł do rolki
A44: ZAWIASTAŚMOWY | B44: Zawias taśmowy | C44: 8.06 | D44: szt.
A45: ZAMEKDOPRZEPJEDN | B45: Zamek do przepustnic jednopłasz. | C45: 7 | D45: szt.
A46: ZAMEKDOPRZEPOKRĄGŁYCH | B46: Zamek do przepustnic jednopłasz. | C46: 4.9 | D46: szt.
A47: ZAMEDOPRZEPUSTNIC | B47: Zamek wielopłaszczyznowych duży | C47: 6.9 | D47: szt.
A48: ZAMEK GOEBEL 40/F | B48: Zamek Goebel | C48: 3.46 | D48: szt.
A49: VENTILAM ALU 20MM | B49: wełna do tłumików okrągłych 20mm | C49: 11.54 | D49: m2
A50: VENTILAM ALU 30MM | B50: wełna do tłumików okrągłych 30mm | C50: 14.73 | D50: m2
A51: VENTILAM ALU 40MM | B51: Wełna do tłumików okrągłych 40mm | C51: 18.1 | D51: m2
A52: VENTILAM ALU 50MM | B52: Wełna do tłumików okrągłych 50mm | C52: 21.56 | D52: m2 | E52: 6m2
A53: VENTILAM ALU PLUS 20MM | B53: Ventilam Alu Plus 20mm | C53: 20.13 | D53: m2 | E53: 12m2
A54: VENTILAM ALU PLUS 30MM | B54: Ventilam Alu Plus 30mm | C54: 22.57 | D54: m2 | E54: 8m2
A55: VENTILAM ALU PLUS 40MM | B55: Ventilam Alu Plus 40mm | C55: 28.01 | D55: m2 | E55: 6m2
A56: VENTILAM ALU PLUS 50MM | B56: Ventilam Alu Plus 50mm | C56: 32.3 | D56: m2 | E56: 5m2
A57: NITZRYWALNY3/6 | B57: Nit zrywalny 3/6 | C57: 15.91 | D57: kg | E57: (1146szt) na 1kg
A58: NITZRYWALNY 4/6 | B58: Nit zrywalny 4/6 | C58: 17.9 | D58: kg | E58: (656szt) na 1kg
A59: NIT 4X6 INOX | B59: Nit zrywalny 4/6 nierdzewny | C59: 0.09 | D59: szt.
A60: INDUSTRIAL60 | B60: wełna 50 welon jednostronny | C60: 57.17 | D60: m2
A61: KNAUFBD060/100/2000/1200 BD | B61: wełna 100 welon jednostronny | C61: 42.64 | D61: m2 | E61: BRAK
A62: KNAUFBD060/100/2000/1200 | B62: wełna 100 welon dwustronny | C62: 45.8 | D62: m2
A63: WKRĘT IMBUS 4,2X16 | B63: Wkręt samogwintujący pod imbus 4,2x19 | C63: 38.1 | D63: op. | E63: (1000szt)
A64: BLACHAPERFOR RV 5-8/0,5 1000MM | B64: Blacha perforowana 1m | C64: 28.5 | D64: m2
A65: BLACHAPERFOR RV 5-8/0,5 KRĄG 1250MM | B65: Blacha perforowana 1,25m | C65: 28.5 | D65: m2
A66: BLACHAPERFOR RV 5-8/0,5 KRĄG | B66: Blacha perforowana 1,5m | C66: 29 | D66: m2
A67: BLACHAPERFOR2 QG 10-12 | B67: Blacha perforowana | C67: 100 | D67: szt. | E67: (3,125m2)
A68: COROPLAST 75X100 LATO 930 | B68: taśma aluminiowa | C68: 33.9 | D68: szt.
A69: COROPLAST 75X100 ZIMA 1530 | B69: taśma aluminiowa | C69: 38.78 | D69: szt. | E69: (100mb)
A70: FLIZELINA 100CM | B70: Flizelina | C70: 1.92 | D70: m2
A71: ALUCYNK ECO CHEMICAL | B71: Cynk w sprayu | C71: 14.9 | D71: szt.
A72: NAKRĘTKAM6 | B72: Nakrętka M6 ocynk | C72: 8.5 | D72: kg
A73: NAKRĘTKAZŁĄCZNA M6 | B73: Nakrętka złączna M6 | C73: 0.25 | D73: szt.
A74: PODKŁADKA M6 1X | B74: Podkładka M6 1xposzerzana | C74: 9 | D74: kg
A75: ŚRUBA M6X40 | B75: Śruba M6x40 | C75: 9.9 | D75: kg
A76: NIBCO MUFA 3/4" | B76: NIBCO Mufa 3/4" | C76: 1.41 | D76: szt.
A77: ŚRUBA M6X20 SKRZYDELKOWA | B77: śruba motylkowa | C77: 0.6 | D77: szt.
A78: SILIKON UNIWERSALNY STINGER | B78: silikon neutralny | C78: 9.1 | D78: szt.
A79: DRUT DO ZGRZEWARKI LINIOWEJ | B79: drut | C79: 2.1 | D79: mb. | E79: (25kg)
A80: KPP-A | B80: kanał o boku do 1000 mm | C80: 52.9 | D80: m2 | H80: Przepustnice okrągłe fi: | I80: Cena:
A81: KPP-B | B81: kanał o boku od 1001 do 1400 mm | C81: 64.5 | D81: m2 | H81: 100 | I81: 14.4
A82: KPP-C | B82: kanał o boku od 1401 do 2000 mm | C82: 75 | D82: m2 | H82: 125 | I82: 15.6
A83: KPP-D | B83: kanał o boku od 2001 | C83: 90 | D83: m2 | H83: 160 | I83: 16.8
A84: KPP-A X | B84: kanał do 1000 mm nierdzewny | C84: 310 | D84: m2 | H84: 200 | I84: 19.2
A85: KPP-B X | B85: kanał od 1001 do 1400 mm nierdzewny | C85: 375 | H85: 250 | I85: 22.8
A86: KPP-C X | B86: kanał od 1401 do 2000 mm nierdzewny | C86: 440 | D86: m2 | H86: 315 | I86: 27.6
A87: Klasa B | B87: klasa szczelności B dopłata | C87: 2 | D87: m2 | H87: 355 | I87: 42
A88: Klasa C | B88: klasa szczelności C dopłata | C88: 4 | D88: m2
A89: Olejo | B89: klasa szczelności olejo dopłata | C89: 12 | D89: m2
A90: Malowanie RAL | B90: usługa lakierowania | C90: 70 | D90: m2 | E90: (Netto)
A91: Malowanie epoksydem | B91: usługa lakierowania (jednostronnie) | C91: 75 | D91: m2 | E91: (Netto)
A93: Stawka godzinowa | B93: Godzina pracy | C93: 42 | D93: zł.
A94: Stawka godzinowa | B94: Minuta pracy | C94: =C93/60 -> 0.7 | D94: zł.

Sheet Kanał osiatkowany
B4: kanał osiatkowany | K4: kanał wentylacjyjny
B5: A | D5: ='Cennik Produkcja '!D354 -> 680 | K5: A | M5: ='Cennik Produkcja '!D424 -> 200
B6: B | D6: ='Cennik Produkcja '!E354 -> 680 | K6: B | M6: ='Cennik Produkcja '!E424 -> 200
B7: L | D7: ='Cennik Produkcja '!D356 -> 100 | K7: L | M7: ='Cennik Produkcja '!D426 -> 1500
B10: Pole blachy | D10: =((D5+D5+D6+D6)*D7)/1000000 -> 0.272 | E10: m2 | G10: =IF(OR(F6>1000,F7>1000),4,0.0001) -> 0.0001 | K10: Pole blachy | M10: =((M5+M5+M6+M6)*M7)/1000000 -> 1.2 | N10: m2 | O10: ='Cennik Produkcja '!F424 -> 1.2 | P10: m2
B11: Pole siatki | D11: =D5*D6/1000000 -> 0.4624 | E11: m2 | K11: Ramka 20 | M11: =(M5+M5+M6+M6)/1000 -> 0.8 | N11: mb
B12: Ramka 20 | D12: =(D5+D5+D6+D6)/1000 -> 2.72 | E12: mb | K12: Ramka 30 | M12: =M11 -> 0.8 | N12: mb
B13: Ramka 30 | D13: =D12 -> 2.72 | E13: mb
K14: Blacha 0,6 | M14: =M10*4.8 -> 5.76 | N14: kg
B15: Blacha 0,6 | D15: =D10*4.8 -> 1.3056 | E15: kg | K15: Blacha 0,8 | M15: =M10*6.4 -> 7.68 | N15: kg
B16: Blacha 0,8 | D16: =D10*6.4 -> 1.7408 | E16: kg | K16: Blacha 0,9 | M16: =M10*7.2 -> 8.64 | N16: kg
B17: Blacha 0,9 | D17: =D10*7.2 -> 1.9584 | E17: kg
A20: KOD OPTIMA | B20: Zapotrzebowanie materiału | C20: ilość | E20: cena jednostkowa | F20: Wartość | J20: KOD OPTIMA | K20: Zapotrzebowanie materiału | L20: ilość | N20: cena jednostkowa | O20: Wartość
A21: BLACHA0,60X1500 | B21: blacha 0,6 | C21: =IF(D5<=1000,D15,0.0001) -> 1.3056 | D21: kg | E21: ='Ceny składowe'!C6 -> 4.3 | F21: =C21*E21 -> 5.61408 | J21: BLACHA0,60X1500 | K21: blacha 0,6 | L21: =IF(M5<=1000,M14,0.0001) -> 5.76 | M21: kg | N21: ='Ceny składowe'!C6 -> 4.3 | O21: =L21*N21 -> 24.768
A22: BLACHA0,80X1500 | B22: blacha 0,8 | C22: =IF(AND(D5>1000,D5<=1400),D16,0.0001) -> 0.0001 | D22: kg | E22: ='Ceny składowe'!C7 -> 4.2 | F22: =C22*E22 -> 0.00042 | J22: BLACHA0,80X1500 | K22: blacha 0,8 | L22: =IF(AND(M5>1000,M5<=1400),M15,0.0001) -> 0.0001 | M22: kg | N22: ='Ceny składowe'!C7 -> 4.2 | O22: =L22*N22 -> 0.00042
A23: BLACHA0,90X1500 | B23: blacha 0,9 | C23: =IF(D5>1400,D17,0.0001) -> 0.0001 | D23: kg | E23: ='Ceny składowe'!C8 -> 4.2 | F23: =C23*E23 -> 0.00042 | J23: BLACHA0,90X1500 | K23: blacha 0,9 | L23: =IF(M5>1400,M16,0.0001) -> 0.0001 | M23: kg | N23: ='Ceny składowe'!C8 -> 4.2 | O23: =L23*N23 -> 0.00042
A24: SIATKACASANET19X19 | B24: siatkacasanet | C24: =D11 -> 0.4624 | D24: m2 | E24: ='Ceny składowe'!C42 -> 17.2 | F24: =C24*E24 -> 7.95328 | J24: PROFILRAMKI20-P | K24: profilramki 20 | L24: =IF(OR(M5>1000,M6>1000),0.0001,M11) -> 0.8 | M24: mb | N24: ='Ceny składowe'!C34 -> 1.89 | O24: =L24*N24 -> 1.512
A25: PROFILRAMKI20-P | B25: profilramki 20 | C25: =IF(OR(D5>1000,D6>1000),0.0001,D12) -> 2.72 | D25: mb | E25: ='Ceny składowe'!C34 -> 1.89 | F25: =C25*E25 -> 5.1408 | J25: PROFILRAMKI30-P | K25: profilramki 30 | L25: =IF(OR(M5>1000,M6>1000),M12,0.0001) -> 0.0001 | M25: mb | N25: ='Ceny składowe'!C36 -> 2.92 | O25: =L25*N25 -> 0.000292
A26: PROFILRAMKI30-P | B26: profilramki 30 | C26: =IF(OR(D5>1000,D6>1000),D13,0.0001) -> 0.0001 | D26: mb | E26: ='Ceny składowe'!C36 -> 2.92 | F26: =C26*E26 -> 0.000292 | J26: NAROŻNIK-K20 | K26: narożnik 20 | L26: =IF(OR(M5>1000,M6>1000),0.0001,4) -> 4 | M26: szt. | N26: ='Ceny składowe'!C20 -> 0.27 | O26: =L26*N26 -> 1.08
A27: NAROŻNIK-K20 | B27: narożnik 20 | C27: =IF(OR(D5>1000,D6>1000),0.0001,4) -> 4 | D27: szt. | E27: ='Ceny składowe'!C20 -> 0.27 | F27: =C27*E27 -> 1.08 | J27: NAROŻNIK-K30 | K27: narożnik 30 | L27: =IF(OR(M5>1000,M6>1000),4,0.0001) -> 0.0001 | M27: szt. | N27: ='Ceny składowe'!C22 -> 0.75 | O27: =L27*N27 -> 7.5e-05
A28: NAROŻNIK-K30 | B28: narożnik 30 | C28: =IF(OR(D5>1000,D6>1000),4,0.0001) -> 0.0001 | D28: szt. | E28: ='Ceny składowe'!C22 -> 0.75 | F28: =C28*E28 -> 7.5e-05
L30: epoksyd | M30: ='Cennik Produkcja '!F426 -> NIE
E31: Koszt | F31: =SUM(F21:F30) -> 19.789367 | L31: epoksyd | M31: =O10*'Ceny składowe'!C91 -> 90 | N31: Koszt | O31: =SUM(O21:O27) -> 27.361207
E33: Cena H3 | F33: =F31*3.8 -> 75.199595 | N33: Cena ocynk | O33: =(_xlfn.IFS(MAX(M5,M6)<=1000, 'Ceny składowe'!C80, MAX(M5,M6)<=1400, 'Ceny składowe'!C81, MAX(M5,M6)<=2000, 'Ceny składowe'!C82, MAX(M5,M6)>2000, 'Ceny składowe'!C83)*O10 + IF(M30="TAK", M31, 0)) -> 63.48
E34: Narzut | F34: =(F33-F31)/F31 -> 2.8 | N34: Narzut | O34: =(O33-O31)/O31 -> 1.3200731
N36: Cena nierdzewka | O36: =(_xlfn.IFS(MAX(M5,M6)<=1000, 'Ceny składowe'!C84,MAX(M5,M6)<=1400, 'Ceny składowe'!C85,MAX(M5,M6)<=2000, 'Ceny składowe'!C86,MAX(M5,M6)>2000, 0)*O10) -> 372

Sheet Ramka do kanałów
E4: Ramka | L4: Kątownik, Ceownik
E6: A | F6: ='Cennik Produkcja '!D319 -> 470 | G6: mm | L6: Szerokość | M6: ='Cennik Produkcja '!D383 -> 30 | N6: mm
E7: B | F7: ='Cennik Produkcja '!E319 -> 470 | G7: mm | L7: Wysokość | M7: ='Cennik Produkcja '!E383 -> 30 | N7: mm
L8: Długość L | M8: ='Cennik Produkcja '!D385 -> 1500 | N8: mm
K9: profil: | L9: ='Cennik Produkcja '!E385 -> Kątownik
E10: Narożnik 20 | F10: 4 | G10: szt | K10: blacha: | L10: ='Cennik Produkcja '!F385 -> 0.8 | M10: =L10*8 -> 6.4
E11: Narożnik 30 | F11: 4 | G11: szt
E12: Profil ramki K20 | F12: =((F6*2)+(F7*2))/1000 -> 1.88 | G12: mb | K12: powierzchnia blachy (kątownik) | L12: =(M6+M7)*M8/1000000 -> 0.09 | M12: m2 | N12: =IF(L9="Kątownik",L12*M10,0.0001) -> 0.576 | O12: kg
E13: Profil ramki K30 | F13: =((F6*2)+(F7*2))/1000 -> 1.88 | G13: mb | K13: powierzchnia blachy (ceownik) | L13: =((M7*2)+M6)*M8/1000000 -> 0.135 | M13: m2 | N13: =IF(L9="Ceownik",L13*M10,0.0001) -> 0.0001 | O13: kg
D21: KOD OPTIMA | E21: Zapotrzebowanie materiału | F21: ilość | H21: cena jedn. | I21: wartość | K21: KOD OPTIMA | L21: Zapotrzebowanie materiału | M21: ilość | O21: cena jedn. | P21: wartość | R21: cena blachy do sprzedaży
D22: NAROŻNIK-K20 | E22: Narożnik 20 | F22: =IF(OR(F6>1000,F7>1000),0.0001,4) -> 4 | G22: szt | H22: ='Ceny składowe'!C20 -> 0.27 | I22: =H22*F22 -> 1.08 | K22: BLACHA0,60X1500 | L22: blacha 0,6 | M22: =IF(M10=4.8,(N12+N13),0.0001) -> 0.0001 | N22: kg | O22: ='Ceny składowe'!C6 -> 4.3 | P22: =(M22*O22) -> 0.00043 | R22: =P22*2 -> 0.00086
D23: NAROŻNIK-K30 | E23: Narożnik 30 | F23: =IF(OR(F6>1000,F7>1000),4,0.0001) -> 0.0001 | G23: szt | H23: ='Ceny składowe'!C22 -> 0.75 | I23: =H23*F23 -> 7.5e-05 | K23: BLACHA0,80X1500 | L23: blacha 0,8 | M23: =IF(M10=6.4,(N12+N13),0.0001) -> 0.5761 | N23: kg | O23: ='Ceny składowe'!C7 -> 4.2 | P23: =(M23*O23) -> 2.41962 | R23: =P23*2 -> 4.83924
D24: PROFILRAMKI20-P | E24: Profil ramki K20 | F24: =IF(OR(F6>1000,F7>1000),0.0001,F12) -> 1.88 | G24: mb | H24: ='Ceny składowe'!C34 -> 1.89 | I24: =H24*F24 -> 3.5532 | O24: koszt wygięcia | P24: =O26 -> 2.8
D25: PROFILRAMKI30-P | E25: Profil ramki K30 | F25: =IF(OR(F6>1000,F7>1000),F13,0.0001) -> 0.0001 | G25: mb | H25: ='Ceny składowe'!C36 -> 2.92 | I25: =H25*F25 -> 0.000292
K26: koszt pracy | L26: =_xlfn.IFS( AND(L9="Kątownik", M8>=1000), 4, AND(L9="Kątownik", M8>=500), 3, AND(L9="Kątownik", M8<500), 2, AND(L9="Ceownik", M8>=1000), 6, AND(L9="Ceownik", M8>=500), 5, AND(L9="Ceownik", M8<500), 4 ) -> 4 | M26: min. | N26: ='Ceny składowe'!C94 -> 0.7 | O26: =L26*N26 -> 2.8
H27: Koszt materiału | I27: =SUM(I22:I26) -> 4.633567 | O27: materiał + praca | P27: =P22+P23+O26 -> 5.22005
H29: Cena H3 | I29: =I27*3.6 -> 16.680841 | O29: Cena | P29: =R22+R23+P24 -> 7.6401
H30: Narzut | I30: =(I29-I27)/I27 -> 2.6 | O30: Narzut | P30: =(P29-P27)/P27 -> 0.46360667

Sheet Przej_dach_okr
B3: Przejście dachowe okrągłe
B6: FI | C6: ='Cennik Produkcja '!E265 -> 315 | D6: mm
B7: L | C7: ='Cennik Produkcja '!D265 -> 500 | D7: mm
B8: A | C8: ='Cennik Produkcja '!D263 -> 435 | D8: mm
B9: B | C9: ='Cennik Produkcja '!E263 -> 435 | D9: mm
B11: Powirzchnia rury | C11: =(((C6*3.14)+7)*C7)/1000000 -> 0.49805 | D11: m2
B12: Powierzchnia kołnierza | C12: =(C8*C9)/1000000 -> 0.189225 | D12: m2
B13: Otwór w kołnierzu | C13: =((C6/2)^2*3.14)/1000000 -> 0.077891625 | D13: m2
B14: Powierzchnia połączenia czapy z rurą | C14: =(C6*3.14)*100/1000000+0.025 -> 0.12391 | D14: m2
B15: Powierzchnia całkowita | C15: =C11+(C12-C13)+C14 -> 0.73329337 | D15: m2
B17: Grubość blachy | C17: 0.6 | D17: 0.8
B18: Współczynnik | C18: 8
B20: Waga blachy 0,6 | C20: =(C11+C14)*C17*C18 -> 2.985408 | D20: kg
B21: Waga blachy 0,8 | C21: =(C12-C13)*D17*C18 -> 0.7125336 | D21: kg
A24: KOD OPTIMA | B24: Zapotrzebowanie materiału | C24: ilość | E24: cena jedn. | F24: wartość | G24: wartość rury | I24: Wartość rury
A25: BLACHA0,60X1500 | B25: Blacha 0,6 | C25: =C20 -> 2.985408 | D25: kg | E25: ='Ceny składowe'!C6 -> 4.3 | F25: =(C14*C17*C18)*E25 -> 2.5575024 | G25: =((C11*4.8)*E25)+J27+J28 -> 21.329752 | I25: drut do zgrzewarki liniowej | J25: ='Ceny składowe'!C79 -> 2.1 | K25: mb.
A26: BLACHA0,80X1500 | B26: Blacha 0,8 | C26: =C21 -> 0.7125336 | D26: kg | E26: ='Ceny składowe'!C7 -> 4.2 | F26: =E26*C26 -> 2.9926411 | I26: długość rury | J26: =C7/1000 -> 0.5 | K26: mb.
I27: Cena za drut | J27: =J26*J25 -> 1.05
E28: Razem koszt | F28: =F25+F26 -> 5.5501435 | I28: koszt pracy | J28: =IF(C7>10,10,0) -> 10
E30: Cena H3 | F30: =_xlfn.IFS( C6<125, F28*21.3+G25, C6<160, F28*21.8+G25, C6<200, F28*20+G25, C6<250, F28*20.4+G25, C6<315, F28*20.2+G25, C6<400, F28*20.5+G25, C6>=400, F28*24.5+G25 ) -> 135.10769
E31: Narzut | F31: =(F30-F28)/F28 -> 23.343099

Sheet Wyrzutnie
A4: Wyrzutnia dachowa typu C okrągła (Chińczyk)
A8: Średnica | B8: Masa | D8: Blacha kg | E8: Siatka | G8: Cena AJP H3 | H8: Marża
A9: 100 | B9: 0.8 | C9: kg | D9: =IF('Cennik Produkcja '!$D$277=Wyrzutnie!A9,B9,0) -> 0 | E9: =IF(D9>0,(A9*0.6)*(A9*3.14)*1.1/1000000,0) -> 0 | G9: 120 | H9: 15.45
A10: 125 | B10: 1.1 | C10: kg | D10: =IF('Cennik Produkcja '!$D$277=Wyrzutnie!A10,B10,0) -> 0 | E10: =IF(D10>0,(A10*0.6)*(A10*3.14)*1.1/1000000,0) -> 0 | G10: 130 | H10: 13.03
A11: 160 | B11: 1.5 | C11: kg | D11: =IF('Cennik Produkcja '!$D$277=Wyrzutnie!A11,B11,0) -> 0 | E11: =IF(D11>0,(A11*0.6)*(A11*3.14)*1.1/1000000,0) -> 0 | G11: 140 | H11: 10.71
A12: 200 | B12: 2 | C12: kg | D12: =IF('Cennik Produkcja '!$D$277=Wyrzutnie!A12,B12,0) -> 0 | E12: =IF(D12>0,(A12*0.6)*(A12*3.14)*1.1/1000000,0) -> 0 | G12: 160 | H12: 9.39
A13: 250 | B13: 2.6 | C13: kg | D13: =IF('Cennik Produkcja '!$D$277=Wyrzutnie!A13,B13,0) -> 0 | E13: =IF(D13>0,(A13*0.6)*(A13*3.14)*1.1/1000000,0) -> 0 | G13: 180 | H13: 8.1
A14: 300 | B14: 4 | C14: kg | D14: =IF('Cennik Produkcja '!$D$277=Wyrzutnie!A14,B14,0) -> 0 | E14: =IF(D14>0,(A14*0.6)*(A14*3.14)*1.1/1000000,0) -> 0 | G14: 220
A15: 315 | B15: 4.2 | C15: kg | D15: =IF('Cennik Produkcja '!$D$277=Wyrzutnie!A15,B15,0) -> 4.2 | E15: =IF(D15>0,(A15*0.6)*(A15*3.14)*1.1/1000000,0) -> 0.20563389 | G15: 240 | H15: 6.86
A16: 355 | B16: 4.9 | C16: kg | D16: =IF('Cennik Produkcja '!$D$277=Wyrzutnie!A16,B16,0) -> 0 | E16: =IF(D16>0,(A16*0.6)*(A16*3.14)*1.1/1000000,0) -> 0 | G16: 350 | H16: 5.6
A17: 400 | B17: 6.4 | C17: kg | D17: =IF('Cennik Produkcja '!$D$277=Wyrzutnie!A17,B17,0) -> 0 | E17: =IF(D17>0,(A17*0.6)*(A17*3.14)*1.1/1000000,0) -> 0 | G17: 400 | H17: 5.17
A18: 450 | B18: 8.5 | C18: kg | D18: =IF('Cennik Produkcja '!$D$277=Wyrzutnie!A18,B18,0) -> 0 | E18: =IF(D18>0,(A18*0.6)*(A18*3.14)*1.1/1000000,0) -> 0 | G18: 450 | H18: 4.33
A19: 500 | B19: 11 | C19: kg | D19: =IF('Cennik Produkcja '!$D$277=Wyrzutnie!A19,B19,0) -> 0 | E19: =IF(D19>0,(A19*0.6)*(A19*3.14)*1.1/1000000,0) -> 0 | G19: 500 | H19: 3.89
A20: 630 | B20: 16.9 | C20: kg | D20: =IF('Cennik Produkcja '!$D$277=Wyrzutnie!A20,B20,0) -> 0 | E20: =IF(D20>0,(A20*0.6)*(A20*3.14)*1.1/1000000,0) -> 0
A21: 710 | B21: 23.4 | C21: kg | D21: =IF('Cennik Produkcja '!$D$277=Wyrzutnie!A21,B21,0) -> 0 | E21: =IF(D21>0,(A21*0.6)*(A21*3.14)*1.1/1000000,0) -> 0
A22: 800 | B22: 27.1 | C22: kg | D22: =IF('Cennik Produkcja '!$D$277=Wyrzutnie!A22,B22,0) -> 0 | E22: =IF(D22>0,(A22*0.6)*(A22*3.14)*1.1/1000000,0) -> 0
C24: Waga | D24: =SUM(D9:D23) -> 4.2 | E24: =SUM(E9:E23) -> 0.20563389
A27: KOD OPTIMA | B27: Zapotrzebowanie materiału | C27: ilość | E27: cena jedn. | F27: wartość
A28: BLACHA0,60X1500 | B28: Blacha 0,6 | C28: =D24*1.4 -> 5.88 | D28: kg | E28: ='Ceny składowe'!C6 -> 4.3 | F28: =E28*C28 -> 25.284
A29: SIATKACASANET19X19 | B29: Siatka 19x19 | C29: =E24 -> 0.20563389 | D29: mb | E29: ='Ceny składowe'!C42 -> 17.2 | F29: =E29*C29 -> 3.5369029
E31: Razem koszt | F31: =SUM(F28:F30) -> 28.820903
A38: Wyrzutnia dachowa typu A CWD-A
I39: Wyrzutnia dachowa typu E WDQ-E
B42: A | C42: ='Cennik Produkcja '!D284 -> 215 | J42: A | K42: ='Cennik Produkcja '!D42 -> 400
B43: B | C43: ='Cennik Produkcja '!E284 -> 215 | J43: B | K43: ='Cennik Produkcja '!E42 -> 400
B44: L | C44: ='Cennik Produkcja '!D286 -> 400 | J44: C | K44: =K42*2+100 -> 900
J45: h | K45: =IF(K42<=250,660,IF(K42<=300,720,IF(K42<=400,890,IF(K42<=500,1060,IF(K42<=600,1200,IF(K42<=700,1400,IF(K42<=800,1540,IF(K42<=900,1700,IF(K42<=1000,1880,IF(K42<=1100,2000,IF(K42<=1200,2220,IF(K42<=1500,2520)))))))))))) -> 890
J46: h (bez stopy) | K46: =K45-200 -> 690
B47: Pole blachy obudowy | C47: =((C42+C42+C43+C43)*C44)/1000000-C49/2 -> 0.297775 | D47: m2 | J47: skos | K47: =((K44-(K42+50))/2)*2 -> 450
B48: Pole blachy daszku | C48: =(C42+(C42/3*1.3*2))*(C43+(C42/3*1.3*2))/1000000 -> 0.16106844 | D48: m2
B49: Pole siatki | C49: =(C42/3*1.5)*(C42+C42+C43+C43)/1000000 -> 0.09245 | D49: m2 | J49: Pole blachy obudowy | K49: =((((K44+K42+50)*(K46/2)/2)*4)+(K43*(K47*4)))/1000000 -> 1.6515 | L49: m2
B50: Ramka 20 | C50: =(C42+C42+C43+C43)/1000 -> 0.86 | D50: mb | J50: Pole blachy stopy | K50: =((K42*2)+(K43*2))*300/1000000 -> 0.48 | L50: m2
B51: Ramka 30 | C51: =C50 -> 0.86 | D51: mb | J51: Pole blachy okapnika | K51: =((K47-100)*2)*(K43+50)/1000000 -> 0.315 | L51: m2 0,8
J52: Pole siatki | K52: =(K42+65)*(K43+65)/1000000 -> 0.216225 | L52: m2
B53: Blacha 0,6 | C53: =(C47+C48)*4.8 -> 2.2024485 | D53: kg | J53: Ramka 20 | K53: =(K42+K42+K43+K43)/1000 -> 1.6 | L53: mb
B54: Blacha 0,8 | C54: =(C47+C48)*6.4 -> 2.936598 | D54: kg | J54: Ramka 30 | K54: =K53 -> 1.6 | L54: mb
J56: Blacha 0,6 | K56: =(K49+K50)*4.8 -> 10.2312 | L56: kg
J57: Blacha 0,8 | K57: =(K49+K50)*6.4 -> 13.6416 | L57: kg
A58: KOD OPTIMA | B58: Zapotrzebowanie materiału | C58: ilość | E58: cena jedn. | F58: Wartość
A59: BLACHA0,60X1500 | B59: blacha 0,6 | C59: =IF(OR(C42>1000,C43>1000),0.0001,C53) -> 2.2024485 | D59: kg | E59: ='Ceny składowe'!C6 -> 4.3 | F59: =C59*E59 -> 9.4705287
A60: BLACHA0,80X1500 | B60: blacha 0,8 | C60: =IF(OR(C42>1000,C43>1000),C54,0.0001) -> 0.0001 | D60: kg | E60: ='Ceny składowe'!C7 -> 4.2 | F60: =C60*E60 -> 0.00042 | I60: KOD OPTIMA | J60: Zapotrzebowanie materiału | K60: ilość | M60: cena jedn. | N60: Wartość
A61: SIATKACASANET19X19 | B61: siatkacasanet | C61: =C49 -> 0.09245 | D61: m2 | E61: ='Ceny składowe'!C42 -> 17.2 | F61: =C61*E61 -> 1.59014 | I61: BLACHA0,60X1500 | J61: blacha 0,6 | K61: =IF(OR(K42>1000,K43>1000),0.0001,K56) -> 10.2312 | L61: kg | M61: ='Ceny składowe'!C6 -> 4.3 | N61: =K61*M61 -> 43.99416
A62: PROFILRAMKI20-P | B62: profilramki 20 | C62: =IF(OR(C42>1000,C43>1000),0.0001,C50) -> 0.86 | D62: mb | E62: ='Ceny składowe'!C34 -> 1.89 | F62: =C62*E62 -> 1.6254 | I62: BLACHA0,80X1500 | J62: blacha 0,8 | K62: =IF(OR(K42>1000,K43>1000),K57,0.0001)+K51*6.4 -> 2.0161 | L62: kg | M62: ='Ceny składowe'!C7 -> 4.2 | N62: =K62*M62 -> 8.46762
A63: PROFILRAMKI30-P | B63: profilramki 30 | C63: =IF(OR(C42>1000,C43>1000),C50,0.0001) -> 0.0001 | D63: mb | E63: ='Ceny składowe'!C36 -> 2.92 | F63: =C63*E63 -> 0.000292 | I63: SIATKACASANET19X19 | J63: siatkacasanet | K63: =K52 -> 0.216225 | L63: m2 | M63: ='Ceny składowe'!C42 -> 17.2 | N63: =K63*M63 -> 3.71907
A64: NAROŻNIK-K20 | B64: narożnik 20 | C64: =IF(OR(C42>1000,C43>1000),0.0001,4) -> 4 | D64: szt. | E64: ='Ceny składowe'!C20 -> 0.27 | F64: =C64*E64 -> 1.08 | I64: PROFILRAMKI20-P | J64: profilramki 20 | K64: =IF(OR(K42>1000,K43>1000),0.0001,K53) -> 1.6 | L64: mb | M64: ='Ceny składowe'!C34 -> 1.89 | N64: =K64*M64 -> 3.024
A65: NAROŻNIK-K30 | B65: narożnik 30 | C65: =IF(OR(C42>1000,C43>1000),4,0.0001) -> 0.0001 | D65: szt. | E65: ='Ceny składowe'!C22 -> 0.75 | F65: =C65*E65 -> 7.5e-05 | I65: PROFILRAMKI30-P | J65: profilramki 30 | K65: =IF(OR(K42>1000,K43>1000),K53,0.0001) -> 0.0001 | L65: mb | M65: ='Ceny składowe'!C36 -> 2.92 | N65: =K65*M65 -> 0.000292
I66: NAROŻNIK-K20 | J66: narożnik 20 | K66: =IF(OR(K42>1000,K43>1000),0.0001,4) -> 4 | L66: szt. | M66: ='Ceny składowe'!C20 -> 0.27 | N66: =K66*M66 -> 1.08
I67: NAROŻNIK-K30 | J67: narożnik 30 | K67: =IF(OR(K42>1000,K43>1000),4,0.0001) -> 0.0001 | L67: szt. | M67: ='Ceny składowe'!C22 -> 0.75 | N67: =K67*M67 -> 7.5e-05
E68: Koszt | F68: =SUM(F59:F67) -> 13.766856 | I68: NAKRĘTKAM6 | J68: nakrętka M6 ocynk | K68: =(((K42+50)/240)+((K43+50)/240))*2/500 -> 0.015 | L68: kg | M68: ='Ceny składowe'!C72 -> 8.5 | N68: =K68*M68 -> 0.1275
I69: NAKRĘTKAZŁĄCZNA M6 | J69: nakrętka złączna M6 | K69: =EVEN(Q69) -> 8 | L69: szt. | M69: ='Ceny składowe'!C73 -> 0.25 | N69: =K69*M69 -> 2 | P69: =((((K42+50)/250)+((K43+50)/250))*2) -> 7.2 | Q69: =INT(P69) -> 7
E70: Cena H3 | F70: =F68*9 -> 123.9017 | I70: PODKŁADKA M6 1X | J70: podkładka M6 1xposzerzana | K70: =(((K42+50)/240)+((K43+50)/240))*2/453 -> 0.016556291 | L70: kg | M70: ='Ceny składowe'!C74 -> 9 | N70: =K70*M70 -> 0.14900662
E71: Narzut | F71: =(F70-F68)/F68 -> 8 | I71: ŚRUBA M6X40 | J71: śruba M6x40 | K71: =(((K42+50)/240)+((K43+50)/240))*2/107 -> 0.070093458 | L71: kg | M71: ='Ceny składowe'!C75 -> 9.9 | N71: =K71*M71 -> 0.69392523
I72: NIBCO MUFA 3/4" | J72: NIBCO Mufa 3/4" | K72: 1 | L72: szt. | M72: ='Ceny składowe'!C76 -> 1.41 | N72: =K72*M72 -> 1.41
I73: NITZRYWALNY4/12 | J73: Nit zrywalny 4/12 | K73: =(((K47-100)*2)/50)/570 -> 0.024561404 | L73: kg | M73: ='Ceny składowe'!C58 -> 17.9 | N73: =K73*M73 -> 0.43964912
M75: Koszt | N75: =SUM(N61:N74) -> 65.105298
M77: Cena H3 | N77: =(_xlfn.IFS(K42>=1000, 3.1, K42>=900, 3.4, K42>=800, 3.7, K42>=700, 4, K42>=600, 4.3, K42>=500, 4.6, K42>=400, 5, K42>=300, 5.5, K42>=200, 6, K42<200, 6.5) + _xlfn.IFS(K43>=1000, 3.1, K43>=900, 3.4, K43>=800, 3.7, K43>=700, 4, K43>=600, 4.3, K43>=500, 4.6, K43>=400, 5, K43>=300, 5.5, K43>=200, 6, K43<200, 6.5)) * N75 -> 651.05298
M78: Narzut | N78: =(N77-N81)/N81 -> 3.3663974
A80: Wyrzutnia dachowa typu E WD-E | J80: koszt pracy | K80: =IF(K42<500,120,IF(K42<1000,180,IF(K42>=1000,240))) -> 120 | L80: min. | M80: ='Ceny składowe'!C94 -> 0.7 | N80: =K80*M80 -> 84
M81: materiał + praca | N81: =N75+N80 -> 149.1053
B83: FI | C83: ='Cennik Produkcja '!D404 -> 100 | D83: mm
B84: Długość L | C84: =E85+E87+150 -> 400 | D84: mm | E84: Długość góra | F84: m2 góra
B85: Średnica górna | C85: =IF(C83<=125,C87,IF(C83<=160,C87+5,IF(C83<=200,C87+15,IF(C83<=250,C87+25,IF(C83<=315,C87+45,IF(C83<=355,C87+55,IF(C83<=400,C87+65,IF(C83<=450,C87+80,IF(C83<=500,C87+95,IF(C83<=560,C87+105,IF(C83<=630,C87+115))))))))))) -> 155 | D85: mm | E85: =IF(C83<=125,100,IF(C83<=160,150,IF(C83<=200,175,IF(C83<=250,200,IF(C83<=315,250,IF(C83<=355,275,IF(C83<=400,300,IF(C83<=450,325,IF(C83<=500,335,IF(C83<=560,385,IF(C83<=630,435))))))))))) -> 100 | F85: =(((PI()*(C85/2 + C86/2) + 30) * SQRT(E85^2 + (C85/2 - C86/2)^2)) / 1000000) * 1.05 -> 0.063243969 | G85: m2
B86: Średnica środek | C86: =C83*2 -> 200 | D86: mm | E86: Długość dół | F86: m2 dół
B87: Średnica dolna | C87: =C83+55 -> 155 | D87: mm | E87: =E85+50 -> 150 | F87: =(((PI()*(C87/2 + C86/2) + 30) * SQRT(E87^2 + (C87/2 - C86/2)^2)) / 1000000) * 1.05 -> 0.093587569 | G87: m2
B88: okapnik | C88: =IF(C83<=250,C85+20,IF(C83<=315,C85+35,IF(C83<=355,C85+45,IF(C83<=400,C85+60,IF(C83<=450,C85+80,IF(C83<=630,C85+100)))))) -> 175 | D88: mm | E88: średnica | F88: Cena AJP
B89: siatka | C89: =IF(C83<=200,C85+10,IF(C83<=355,C85+15,IF(C83<=400,C85+20,IF(C83<=500,C85+25,IF(C83<=630,C85+30))))) -> 165 | D89: mm | E89: 100 | F89: 300
E90: 125 | F90: 280
B91: Pole blachy obudowy | C91: =F85+F87 -> 0.15683154 | D91: m2 | E91: 160 | F91: 360
B92: Pole blachy stopy | C92: =(C83*314)*215/100000000 -> 0.06751 | D92: m2 | E92: 200 | F92: 410
B93: Pole blachy okapnika | C93: =PI()*(C88/2)^2 * 1.05/1000000 -> 0.02525546 | D93: m2 | E93: 250 | F93: 450
B94: wspornik okapnika | C94: =(50*130)*4/1000000 -> 0.026 | D94: m2 | E94: 315 | F94: 680
B95: Pole siatki | C95: =PI()*(C89/2)^2 * 1.05/1000000 -> 0.022451588 | D95: m2 | E95: 355 | F95: 760
E96: 400 | F96: 910
B97: Blacha 0,6 | C97: =SUM(C91:C94) -> 0.275597 | D97: m2 | E97: 450 | F97: 1062.85
E98: 500 | F98: 1294.77
E99: 550 | F99: 1800
E100: 630 | F100: 2157.1
A101: KOD OPTIMA | B101: Zapotrzebowanie materiału | C101: ilość | E101: cena jedn. | F101: Wartość
A102: BLACHA0,60X1500 | B102: blacha 0,6 | C102: =C97*4.8 -> 1.3228656 | D102: kg | E102: ='Ceny składowe'!C6 -> 4.3 | F102: =C102*E102 -> 5.688322
A103: BLACHAPERFOR2 QG 10-12 | B103: blacha perforowana | C103: =C95/3.125 -> 0.0071845082 | D103: szt | E103: ='Ceny składowe'!C67 -> 100 | F103: =C103*E103 -> 0.71845082
A104: NAKRĘTKAM6 | B104: nakrętka M6 ocynk | C104: 0.00964 | D104: kg | E104: ='Ceny składowe'!C72 -> 8.5 | F104: =C104*E104 -> 0.08194
A105: NAKRĘTKAZŁĄCZNA M6 | B105: nakrętka złączna M6 | C105: 4 | D105: szt | E105: ='Ceny składowe'!C73 -> 0.25 | F105: =C105*E105 -> 1
A106: PODKŁADKA M6 1X | B106: podkładka M6 1xposzerzana | C106: 0.00408 | D106: kg | E106: ='Ceny składowe'!C74 -> 9 | F106: =C106*E106 -> 0.03672
A107: ŚRUBA M6X40 | B107: śruba M6x40 | C107: 0.0408 | D107: kg | E107: ='Ceny składowe'!C75 -> 9.9 | F107: =C107*E107 -> 0.40392
A108: NITONAKRĘTKA M6 | B108: nitonakrętka M6 | C108: 4 | D108: szt | E108: ='Ceny składowe'!C25 -> 0.16 | F108: =C108*E108 -> 0.64
E110: Koszt | F110: =SUM(F102:F108) -> 8.5693529
E112: Cena H3 | F112: =VLOOKUP(C83, E89:F100, 2, FALSE) -> 300
E113: Narzut
B115: koszt pracy | C115: =IF(C76<500,120,IF(C76<1000,180,IF(C76>=1000,240))) -> 120 | D115: min. | E115: ='Ceny składowe'!#REF! -> #REF! | F115: =C115*E115 -> #REF!
E116: materiał + praca | F116: =F110+F115 -> #REF!

Sheet Podstawa PD
B3: Podstawa Dachowa okrąga PDI-O | K3: Podstawa dachowa prostokątna PDQ-B
B6: A | C6: ='Cennik Produkcja '!D251 -> 410 | D6: mb | K6: A kanał | L6: ='Cennik Produkcja '!$D$235 -> 800 | M6: mb
B7: B | C7: ='Cennik Produkcja '!E251 -> 410 | D7: mb | K7: B kanał | L7: ='Cennik Produkcja '!$E$235 -> 500 | M7: mb
B8: Fi | C8: ='Cennik Produkcja '!D249 -> 315 | D8: mb | K8: C Kołnierz | L8: =L6+360 -> 1160 | M8: mb
B9: L FI | C9: ='Cennik Produkcja '!E249 -> 200 | D9: mm | K9: D Kołnierz | L9: =L7+360 -> 860 | M9: mb
B10: L wygięcia | C10: 50 | D10: mm | K10: L Kanał | L10: ='Cennik Produkcja '!D237 -> 1500 | M10: mb
K11: Wygięcie | L11: 0.05 | M11: mb
B12: Powierzchnia czapy | C12: =((C6*C7)-(((C8/2)*(C8/2))*3.14))/1000000 -> 0.090208375 | D12: m2
B13: Powierzchnia połączenia czapy z rurą | C13: =(C8*3.14)*100/1000000+0.025 -> 0.12391 | D13: m2 | K13: Powierzchnia czapy | L13: =((L8*L9)-(L6*L7))/1000000 -> 0.5976 | O13: Powierzchnia kołnierza | P13: =L13+L15 -> 0.6178 | Q13: m2
B14: Powierzchnia rury | C14: =((C8*3.14)*C9)/1000000 -> 0.19782 | D14: m2 | O14: Powierzchnia kanału | P14: =(((L6+L7+L6+L7)*L10)/1000000)+0.0001 -> 3.9001 | Q14: m2
B15: Powierzchnia wygięcia | C15: =((C6+C7+C6+C7)*C10)/1000000 -> 0.082 | D15: m2 | K15: Powierzchnia wygięcia | L15: =((L8+L9+L8+L9)*L11)/10000 -> 0.0202 | M15: m2
K16: Ramka | L16: =((L6+L7+L6+L7)*2)/1000 -> 5.2 | M16: mb
B17: Powierzchnia całk | C17: =C12+C14+C15 -> 0.37002838 | D17: m2 | K17: Narożnik | L17: 8 | M17: szt. | O17: Dla kanłów poniżej 1000mm
O18: Waga 0,6 | P18: =P14*N22*L23 -> 18.72048 | Q18: kg
B19: Grubość Blachy | C19: 0.8 | D19: 0.6 | O19: Waga 0,8 | P19: =P13*L22*L23 -> 3.95392 | Q19: kg
B20: współczynnik | C20: 8 | K20: Powierzchnia całk | L20: =L13+P14+L15 -> 4.5179 | M20: m2
B22: Waga powierzchni c. | C22: =C19*C20*C17 -> 2.3681816 | D22: kg | K22: Grubość Blachy | L22: 0.8 | M22: mm | N22: 0.6 | O22: mm
C23: =C22/1000 -> 0.0023681816 | D23: T | K23: współczynnik | L23: 8
K25: Waga powierzchni c. Bl.0,8 | L25: =L20*L22*L23 -> 28.91456 | M25: kg
A26: KOD OPTIMA | B26: Zapotrzebowanie materiału | C26: ilość | E26: cena jedn. | F26: wartość
A27: BLACHA0,60X1500 | B27: Blacha 0,6 | C27: =(C13+C14)*D19*C20 -> 1.544304 | D27: kg | E27: ='Ceny składowe'!C6 -> 4.3 | F27: =E27*C27 -> 6.6405072
A28: BLACHA0,80X1500 | B28: Blacha 0,8 | C28: =(C12+C15)*C19*C20 -> 1.1021336 | D28: kg | E28: ='Ceny składowe'!C7 -> 4.2 | F28: =E28*C28 -> 4.6289611
E29: Razem koszt | F29: =SUM(F27:F28) -> 11.269468 | K29: KOD OPTIMA | L29: Zapotrzebowanie materiału | M29: ilość | O29: cena jedn. | P29: wartość
B30: Do poprawy | K30: BLACHA0,80X1500 | L30: Blacha | M30: =IF(OR(L6>1000,L7>1000),L25,P19) -> 3.95392 | N30: kg | O30: ='Ceny składowe'!C7 -> 4.2 | P30: =O30*M30 -> 16.606464
E31: Cena H3 | F31: =IF(C8<125,F29*14.5,IF(C8<160,F29*14.5,IF(C8<200,F29*13.2,IF(C8<250,F29*13.4,IF(C8<315,F29*13.1,IF(C8<400,F29*13.2,IF(C8>=400,F29*15.4))))))) -> 148.75698 | K31: BLACHA0,60X1500 | L31: Blacha | M31: =IF(OR(L6>1000,L7>1000),0.0001,P18) -> 18.72048 | N31: kg | O31: ='Ceny składowe'!C6 -> 4.3 | P31: =O31*M31 -> 80.498064
E32: Narzut | F32: =(F31-F29)/F29 -> 12.2 | K32: NAROŻNIK-K20 | L32: Narożniki | M32: =IF(OR(L6>1000,L7>1000),0.0001,8) -> 8 | N32: szt. | O32: ='Ceny składowe'!C20 -> 0.27 | P32: =O32*M32 -> 2.16
K33: NAROŻNIK-K30 | L33: Narożniki | M33: =IF(OR(L6>1000,L7>1000),8,0.0001) -> 0.0001 | N33: mb | O33: ='Ceny składowe'!C22 -> 0.75 | P33: =O33*M33 -> 7.5e-05
B34: Podstawa Dachowa okrąga PDI-O-I | C34: (Armaflex) | K34: PROFILRAMKI20-P | L34: Profil ramki | M34: =IF(OR(L6>1000,L7>1000),0.0001,L16) -> 5.2 | N34: mb | O34: ='Ceny składowe'!C34 -> 1.89 | P34: =O34*M34 -> 9.828
K35: PROFILRAMKI30-P | L35: Profil ramki | M35: =IF(OR(L6>1000,L7>1000),L16,0.0001) -> 0.0001 | N35: mb | O35: ='Ceny składowe'!C36 -> 2.92 | P35: =O35*M35 -> 0.000292
O36: Razem koszt | P36: =SUM(P30:P35) -> 109.09289
B37: A | C37: ='Cennik Produkcja '!D258 -> 555 | D37: mb
B38: B | C38: ='Cennik Produkcja '!E258 -> 555 | D38: mb | O38: Cena H3 | P38: =IF(L6<600,P36*6,IF(L6<1000,P36*6.2,IF(L6>=1000,P36*7.08))) -> 676.37595
B39: Fi | C39: ='Cennik Produkcja '!D256 -> 315 | D39: mb | O39: Narzut | P39: =(P38-P36)/P36 -> 5.2
B40: L FI | C40: ='Cennik Produkcja '!E256 -> 200 | D40: mm
B41: L wygięcia | C41: 50 | D41: mm
B43: Powierzchnia czapy | C43: =((C37*C38)-(((C39/2)*(C39/2))*3.14))/1000000 -> 0.23013338 | D43: m2
B44: Powierzchnia połączenia czapy z rurą | C44: =(C39*3.14)*100/1000000+0.025 -> 0.12391 | D44: m2
B45: Powierzchnia rury | C45: =((C39*3.14)*C40)/1000000 -> 0.19782 | D45: m2
B46: Powierzchnia wygięcia | C46: =((C37+C38+C37+C38)*C41)/1000000 -> 0.111 | D46: m2
B48: Powierzchnia całk | C48: =C43+C45+C46 -> 0.53895337 | D48: m2
B50: Grubość Blachy | C50: 0.6 | D50: 0.8
B51: współczynnik | C51: 8
B53: Waga powierzchni c. | C53: =C50*C51*C48 -> 2.5869762 | D53: kg
C54: =C53/1000 -> 0.0025869762 | D54: T
A57: KOD OPTIMA | B57: Zapotrzebowanie materiału | C57: ilość | E57: cena jedn. | F57: wartość
A58: BLACHA0,60X1500 | B58: Blacha 0,6 | C58: =(C44+C45)*C50*C51 -> 1.544304 | D58: kg | E58: ='Ceny składowe'!C6 -> 4.3 | F58: =E58*C58 -> 6.6405072
A59: BLACHA0,80X1500 | B59: Blacha 0,8 | C59: =(C43+C46)*D50*C51 -> 2.1832536 | D59: kg | E59: ='Ceny składowe'!C7 -> 4.2 | F59: =E59*C59 -> 9.1696651
A60: INSUL-ROLL 09 | B60: Izolacja kauczukowa | C60: =C43 -> 0.23013338 | D60: m2 | E60: ='Ceny składowe'!C13 -> 26.81 | F60: =E60*C60 -> 6.1698758
E61: Razem koszt | F61: =SUM(F58:F60) -> 21.980048
E63: Cena H3 | F63: =IF(C39<125,F61*12.5,IF(C39<160,F61*12.5,IF(C39<200,F61*11.2,IF(C39<250,F61*11.4,IF(C39<315,F61*11.1,IF(C39<400,F61*11.2,IF(C39>=400,F61*13.4))))))) -> 246.17654
E64: Narzut | F64: =(F63-F61)/F61 -> 10.2

Sheet Puszka filtracyjna
B3: Puszka filtracyjna prostokątna PFP | I3: Puszka filtracyjna okrągła PFO
B5: A szerokość | C5: ='Cennik Produkcja '!D340 -> 1200 | I5: A | J5: ='Cennik Produkcja '!D347 -> 400 | L5: 100 | M5: 95.676
B6: B wysokość | C6: ='Cennik Produkcja '!E340 -> 600 | I6: B | J6: ='Cennik Produkcja '!E347 -> 780 | L6: 125 | M6: 99.576
B7: L | C7: ='Cennik Produkcja '!D342 -> 600 | I7: L | J7: ='Cennik Produkcja '!D349 -> 150 | L7: 150 | M7: 106.092
I8: Otwór pod kolary | J8: ='Cennik Produkcja '!E349 -> 355 | L8: 160 | M8: 106.404
B9: Powierzchnia obudowy | C9: =((C5+C5+C6+C6)*C7/1000000) -> 2.16 | L9: 200 | M9: 116.568
B10: Powierzchnia prowadnicy filtra | C10: =95*(C5+C6+C6)/1000000 -> 0.228 | I10: Powierchnia kolarów | J10: =((J8*3.14*0.1)*2)/1000 -> 0.22294 | L10: 225 | M10: 108.66
I11: Powierzchnie bez otworu | J11: =((((J5*2)+(J6*2))*J7)+((J5*J6)*2))/1000000 -> 0.978 | L11: 250 | M11: 131.796
B12: Zamek | C12: 2 | I12: Powierzchnia prowadnicy filtra | J12: =95*(J5+J6+J6)/1000000 -> 0.1862 | L12: 315 | M12: 153.516
B13: Narożniki | C13: 8 | I13: Razem | J13: =J10+J11+J12 -> 1.38714 | L13: 355 | M13: 165.084
B14: Ramka | C14: =((C5+C6+C5+C6)*2)/1000 -> 7.2 | L14: 400 | M14: 183.876
I15: Blacha | J15: 0.6 | L15: 450 | M15: 231.108
B16: Blacha | C16: 0.6 | I16: Współczynnik | J16: 8 | L16: 500 | M16: 251.328
B17: Współczynnik | C17: 8
I18: Gramatura | J18: =(J13*J15*J16)*1.1 -> 7.3240992
B19: Gramatura | C19: =C17*C16*(C9+C10) -> 11.4624 | I19: Gramatura w T | J19: =J18/1000 -> 0.0073240992
B20: Gramatura w T | C20: =C19/1000 -> 0.0114624
A22: KOD OPTIMA | B22: Zapotrzebowanie materiału | C22: ilość | E22: cena jedn. | F22: wartość | H22: KOD OPTIMA | I22: Zapotrzebowanie materiału | J22: ilość | L22: cena jedn. | M22: wartość
A23: BLACHA0,60X1500 | B23: Blacha | C23: =C19 -> 11.4624 | D23: kg | E23: ='Ceny składowe'!C6 -> 4.3 | F23: =E23*C23 -> 49.28832 | H23: BLACHA0,60X1500 | I23: Blacha | J23: =J18 -> 7.3240992 | K23: kg | L23: ='Ceny składowe'!C6 -> 4.3 | M23: =L23*J23 -> 31.493627
A24: ZAWIASTAŚMOWY | B24: Taśma zawias | C24: =(1/1.7*C6)/1000 -> 0.35294118 | D24: szt. | E24: 3.22 | F24: =E24*C24 -> 1.1364706 | H24: ZAWIASTAŚMOWY | I24: Taśma zawias | J24: =(1/1.7*J6)/1000 -> 0.45882353 | K24: szt. | L24: ='Ceny składowe'!C44 -> 8.06 | M24: =L24*J24 -> 3.6981176
A25: NAROŻNIK-K20 | B25: Narożniki | C25: =IF(OR(C5>1000,C6>1000),0.0001,8) -> 0.0001 | D25: szt. | E25: 0.35 | F25: =E25*C25 -> 3.5e-05 | H25: KAUCZUK 10MM | I25: kauczuk 9mm (tylko rewizja) | J25: =J5*J7/1000000 -> 0.06 | K25: m2 | L25: ='Ceny składowe'!C13 -> 26.81 | M25: =L25*J25 -> 1.6086
A26: NAROŻNIK-K30 | B26: Narożniki | C26: =IF(OR(C5>1000,C6>1000),8,0.0001) -> 8 | D26: mb | E26: ='Ceny składowe'!C22 -> 0.75 | F26: =E26*C26 -> 6 | H26: ZAMEK GOEBEL 40/F | I26: Zamek Goebel 40/F ocynk | J26: =IF(J7<=350,2,4) -> 2 | K26: szt. | L26: ='Ceny składowe'!C48 -> 3.46 | M26: =J26*L26 -> 6.92
A27: PROFILRAMKI20-P | B27: Profil ramki | C27: =IF(OR(C5>1000,C6>1000),0.0001,C14) -> 0.0001 | D27: mb | E27: 3.39 | F27: =E27*C27 -> 0.000339
A28: PROFILRAMKI30-P | B28: Profil ramki | C28: =IF(OR(C5>1000,C6>1000),C14,0.0001) -> 7.2 | D28: mb | E28: ='Ceny składowe'!C36 -> 2.92 | F28: =E28*C28 -> 21.024
A29: ŚRUBA M6X20 SKRZYDELKOWA | B29: śruba motylkowa | C29: 4 | D29: szt. | E29: ='Ceny składowe'!C77 -> 0.6 | F29: =C29*E29 -> 2.4
L30: Razem koszt | M30: =SUM(M23:M26) -> 43.720344
E31: Razem koszt | F31: =SUM(F23:F30) -> 79.849165
L32: Cena H3 | M32: =M30*5.4 -> 236.08986
E33: Cena H3 | F33: =F31*5 -> 399.24582 | L33: Narzut | M33: =(M32-M30)/M30 -> 4.4
E34: Narzut | F34: =(F33-F31)/F31 -> 4

Sheet Przepustnice
B3: Przepustnica wielopłaszczyznowa | I3: SMAY plus 10%
I4: PWII Przepustnica Wielopłaszczyznowa - 08.04.2026
B5: Szerokość B | C5: ='Cennik Produkcja '!D6 -> 350 | D5: mm | F5: koła/osie/łożyska | K5: wysokość H [mm]
B6: Wysokość H | C6: ='Cennik Produkcja '!E6 -> 250 | D6: mm | E6: =C6/100 -> 2.5 | F6: =ROUNDDOWN(E6,0.1) -> 2 | J6: X | K6: 100 | L6: 200 | M6: 400 | N6: 600 | O6: 800 | P6: 1000 | Q6: 1200 | R6: 1400 | S6: 1600 | T6: 1800 | U6: 2000 | V6: 2200
B7: typ | C7: ='Cennik Produkcja '!D8 -> B | I7: szerokość B [mm] | J7: 100 | K7: =K8-(K9-K8) -> 156.167 | L7: =L8-(L9-L8) -> 184.954 | M7: =M8-(M9-M8) -> 213.741 | N7: =N8-(N9-N8) -> 244.002 | O7: =O8-(O9-O8) -> 273.306 | P7: =P8-(P9-P8) -> 301.488 | Q7: =Q8-(Q9-Q8) -> 332.805 | R7: =R8-(R9-R8) -> 362.098 | ... U7: =U8-(U9-U8) -> 553.674 | V7: =(U7-T7)+U7 -> 583.704
J8: 200 | K8: =L8-(M8-L8) -> 162.459 | L8: 205.403 | M8: 248.347 | N8: 291.797 | O8: 334.741 | P8: 377.674 | Q8: 421.652 | R8: 464.596 | S8: 610.841 | T8: 654.577 | U8: 698.313 | V8: =(U8-T8)+U8 -> 742.049
B9: Ramka | C9: =(((C5+C6)*2)/1000)*2 -> 2.4 | D9: mb | J9: 400 | K9: =L9-(M9-L9) -> 168.751 | L9: 225.852 | M9: 282.953 | N9: 339.592 | O9: 396.176 | P9: 453.86 | Q9: 510.499 | R9: 567.094 | S9: 728.068 | T9: 785.51 | U9: 842.952 | V9: =(U9-T9)+U9 -> 900.394
B10: Płyta gładka (blacha ocynk) | C10: =((C5+30)*175)*2/1000000 -> 0.133 | D10: m2 | J10: 600 | K10: =L10-(M10-L10) -> 176.44 | L10: 246.741 | M10: 317.042 | N10: 387.332 | O10: 458.711 | P10: 529.001 | Q10: 599.302 | R10: 669.592 | S10: 845.35 | T10: 916.509 | U10: 987.602 | V10: =(U10-T10)+U10 -> 1058.695
B11: Przedłużenie pióra (wymiar niepełny) | C11: =IF(E11>0,F11) -> 0.091 | D11: m2 | E11: =MOD(E6,1) -> 0.5 | F11: =IF(E11<0.5,(0.8+(E11*2))*C5/10000,IF(E11>=0.5,((0.8+E11)*C5)*2)/10000) -> 0.091 | J11: 800 | K11: =L11-(M11-L11) -> 183.139 | L11: 267.135 | M11: 351.131 | N11: 436.15 | O11: 520.157 | P11: 604.098 | Q11: 688.094 | R11: 772.035 | S11: 962.643 | T11: 1047.442 | U11: 1132.241 | V11: =(U11-T11)+U11 -> 1217.04
B12: obudowa kół przy Belimo | C12: =IF(C7="B",0.2*C6)/1000 -> 0.05 | D12: m2 | E12: =IF(OR(C5>=1500,C6>=1400),C12*2,C12) -> 0.05 | F12: m2 | J12: 1000 | K12: =L12-(M12-L12) -> 188.793 | L12: 287.518 | M12: 386.243 | N12: 483.956 | O12: 581.592 | P12: 679.25 | Q12: 805.046 | R12: 902.748 | S12: 1108.096 | T12: 1206.535 | U12: 1305.04 | V12: =(U12-T12)+U12 -> 1403.545
J13: 1200 | K13: =L13-(M13-L13) -> 197.637 | L13: 308.99 | M13: 420.343 | N13: 531.696 | O13: 643.038 | P13: 782.54 | Q13: 922.042 | R13: 1033.406 | S13: 1253.527 | T13: 1365.683 | U13: 1477.828 | V13: =(U13-T13)+U13 -> 1589.973
B14: Blacha 0,6 | C14: =(C10+C11)*4.8 -> 1.0752 | D14: kg | J14: 1400 | K14: =L14-(M14-L14) -> 204.424 | L14: 329.428 | M14: 454.432 | N14: 579.425 | O14: 704.484 | P14: 857.637 | Q14: 1010.845 | R14: 1135.838 | S14: 1370.765 | T14: 1496.616 | U14: 1622.478 | V14: =(U14-T14)+U14 -> 1748.34
B15: blacha 0,6 obudowa belimo | C15: =E12*4.8 -> 0.24 | D15: kg | J15: 1600 | K15: =L15-(M15-L15) -> 278.091 | L15: 450.142 | M15: 622.193 | N15: 794.189 | O15: 966.185 | P15: 1168.101 | Q15: 1370.017 | R15: 1542.013 | S15: 1837.583 | T15: 2010.437 | U15: 2183.346 | V15: =(U15-T15)+U15 -> 2356.255
B16: Blacha 0,8 | C16: =(C10+C11)*6.4 -> 1.4336 | D16: kg | J16: 1800 | K16: =L16-(M16-L16) -> 285.23 | L16: 471.79 | M16: 658.35 | N16: 844.844 | O16: 1031.404 | P16: 1247.818 | Q16: 1464.188 | R16: 1650.737 | S16: 1961.949 | T16: 2149.367 | U16: 2336.774 | V16: =(U16-T16)+U16 -> 2524.181
J17: 2000 | K17: =L17-(M17-L17) -> 292.369 | L17: 493.427 | M17: 694.485 | N17: 895.554 | O17: 1096.557 | P17: 1327.48 | Q17: 1558.403 | R17: 1759.461 | S17: 2086.381 | T17: 2288.297 | U17: 2490.213 | V17: =(U17-T17)+U17 -> 2692.129
A18: KOD OPTIMA | B18: Zapotrzebowanie materiału | C18: ilość | E18: cena jedn. | F18: wartość | J18: 2200 | K18: =L18-(M18-L18) -> 299.508 | L18: =(L17-L16)+L17 -> 515.064 | M18: =(M17-M16)+M17 -> 730.62 | N18: =(N17-N16)+N17 -> 946.264 | O18: =(O17-O16)+O17 -> 1161.71 | P18: =(P17-P16)+P17 -> 1407.142 | Q18: =(Q17-Q16)+Q17 -> 1652.618 | R18: =(R17-R16)+R17 -> 1868.185 | S18: =(S17-S16)+S17 -> 2210.813 | ... U18: =(U17-U16)+U17 -> 2643.652 | V18: =(U18-T18)+U18 -> 2860.077
A19: PROFILPRZEPUSTNICAWILOPŁ | B19: Profil przepustnicy | C19: =F6*(C5/1000) -> 0.7 | D19: mb | E19: ='Ceny składowe'!C40 -> 22.9 | F19: =C19*E19 -> 16.03 | J19: 2400 | K19: =L19-(M19-L19) -> 306.64 | L19: 536.7 | M19: 766.76 | N19: 996.97 | O19: 1226.87 | P19: 1486.8 | Q19: 1746.84 | R19: 1976.92 | S19: 2335.24 | T19: 2566.16 | U19: 2797.09 | V19: =(U19-T19)+U19 -> 3028.02
A20: QPL-8 | B20: Łożysko | C20: =IF(C5<1500,F6*2,0.0001)+IF(C5>=1500<2000,F6*2,0.0001)+IF(C5>=2000,F6*4,0.0001) -> 4.0002 | D20: szt | E20: ='Ceny składowe'!C19 -> 0.55 | F20: =C20*E20 -> 2.20011 | J20: 2600 | K20: =(K19-K18)+K19 -> 313.772 | L20: =(L19-L18)+L19 -> 558.336 | M20: =(M19-M18)+M19 -> 802.9 | N20: =(N19-N18)+N19 -> 1047.676 | O20: =(O19-O18)+O19 -> 1292.03 | P20: =(P19-P18)+P19 -> 1566.458 | Q20: =(Q19-Q18)+Q19 -> 1841.062 | R20: =(R19-R18)+R19 -> 2085.655 | ... U20: =(U19-U18)+U19 -> 2950.528
A21: QOTK | B21: Oś krótka | C21: =IF(OR(C5>=1500,C6>=1400),0.0001,F6) -> 2 | D21: szt | E21: ='Ceny składowe'!C29 -> 0.45 | F21: =C21*E21 -> 0.9
A22: QOTD | B22: Oś długa | C22: =C31 -> 2 | D22: szt | E22: ='Ceny składowe'!C28 -> 0.57 | F22: =C22*E22 -> 1.14
A23: ZAMEDOPRZEPUSTNIC | B23: Zamek | C23: =G23 -> 0.0001 | D23: szt | E23: ='Ceny składowe'!C47 -> 6.9 | F23: =E23*C23 -> 0.00069 | G23: =IF(C7="B",0.0001,IF(C7="R",1,IF(C7=0,1))) -> 0.0001
A24: QSBŚCIANKABOCZNA | B24: Płyta boczna QSB | C24: =IF(C5>2000,C6/1000*4,C6/1000*2) -> 0.5 | D24: mb | E24: ='Ceny składowe'!C32 -> 10.5 | F24: =E24*C24 -> 5.25 | J24: Znalezienie pozycji w tabeli
A25: BLACHA0,60X1500 | B25: blacha 0,6 | C25: =G25+C15 -> 1.3152 | D25: kg | E25: ='Ceny składowe'!C6 -> 4.3 | F25: =E25*C25 -> 5.65536 | G25: =IF(OR(C5>1000,C6>1000),0.0001,C14) -> 1.0752 | H25: kg | J25: Pozycja kolumny (szer) | K25: =MATCH(C5, $J$7:$J$20, 1) -> 2 | R25: Zależności | S25: Szerokość
A26: BLACHA0,80X1500 | B26: blacha 0,8 | C26: =IF(OR(C5>1000,C6>1000),C16,0.0001) -> 0.0001 | D26: kg | E26: ='Ceny składowe'!C7 -> 4.2 | F26: =E26*C26 -> 0.00042 | J26: Pozycja wiersza (wys.) | K26: =MATCH(C6, $K$6:$V$6, 1) -> 2 | S26: od/do | T26: od | U26: pow.
A27: PROFILRAMKI20-P | B27: Profil ramki 20 | C27: =IF(OR(C5>1000,C6>1000),0.0001,C9) -> 2.4 | D27: mb | E27: ='Ceny składowe'!C34 -> 1.89 | F27: =E27*C27 -> 4.536 | J27: Pobranie 4 cen "sąsiadujących" | L27: wymiary graniczne | S27: 200-1499 | T27: 1500-2000 | U27: 2000
A28: NAROŻNIK-K20 | B28: Narożniki 20 | C28: =IF(OR(C5>1000,C6>1000),0.0001,8) -> 8 | D28: szt | E28: ='Ceny składowe'!C20 -> 0.27 | F28: =E28*C28 -> 2.16 | J28: Cena lewa góra | K28: =INDEX($K$7:$V$20, K25, K26) -> 205.403 | L28: szer_mniejsza (x1) | M28: =INDEX($J$7:$J$20, K25) -> 200 | R28: Koło zębate | S28: 1 rząd | T28: 2 rzędy | U28: 3 rzędy
A29: PROFILRAMKI30-P | B29: Profil ramki 30 | C29: =IF(OR(C5>1000,C6>1000),C9,0.0001) -> 0.0001 | D29: mb | E29: ='Ceny składowe'!C36 -> 2.92 | F29: =E29*C29 -> 0.000292 | J29: Cena prawa góra | K29: =INDEX($K$7:$V$20, K25, K26+1) -> 248.347 | L29: Szer_większa (x2) | M29: =INDEX($J$7:$J$20, K25 + 1) -> 400 | R29: Łożysko | S29: 1 rząd | T29: 2 rzędy | U29: 4 rzędy
A30: NAROŻNIK-K30 | B30: Narożniki 30 | C30: =IF(OR(C5>1000,C6>1000),8,0.0001) -> 0.0001 | D30: szt | E30: ='Ceny składowe'!C22 -> 0.75 | F30: =E30*C30 -> 7.5e-05 | J30: Cena lewa dół | K30: =INDEX($K$7:$V$20, K25+1, K26) -> 225.852 | L30: wys_mniejsza (y1) | M30: =INDEX($K$6:$V$6, K26) -> 200 | R30: Oś krótka | S30: 1 rząd | T30: 0 | U30: 0
A31: KOŁOZĘBATE | B31: Koło zębate | C31: =IF(C5<1500,F6)+IF(C5>=1500,F6*2)+IF(C5>=2000,F6)+H31 -> 2 | D31: szt | E31: ='Ceny składowe'!C18 -> 1.06 | F31: =E31*C31 -> 2.12 | G31: =IF(C6>=1400,F6) -> FALSE | H31: =IF(AND(C5>=1500,C6>=1500),0,G31) -> FALSE | J31: Cena prawa dół | K31: =INDEX($K$7:$V$20, K25+1, K26+1) -> 282.953 | L31: wys_wieksza (y2) | M31: =INDEX($K$6:$V$6, K26 + 1) -> 400 | R31: Oś długa | S31: 1 rząd | T31: 2 rzędy | U31: 3 rzędy
A32: OŚNAPĘDU 10X150 | B32: Oś napędu | C32: =G32 -> 1 | D32: szt | E32: ='Ceny składowe'!C30 -> 1.9 | F32: =E32*C32 -> 1.9 | G32: =IF(C7="B",1,IF(C7="R",0.0001,IF(C7=0,0.0001))) -> 1 | J32: Generowanie ceny | R32: Zamek | S32: 1 | T32: 1 | U32: 1
J33: Cena szer dół | K33: =K28 + (K30 - K28) * ((C5 - M28) / (M29 - M28)) -> 220.73975 | R33: Os napędu | S33: 1 | T33: 1 | U33: 1+iość koł 1 rząd
J34: Cena szer góra | K34: =K29 + (K31 - K29) * ((C5 - M28) / (M29 - M28)) -> 274.3015 | R34: Płyta boczna QSB | S34: 2 | T34: 2 | U34: 4
C35: dod. za Belimo | E35: koszt materiału | F35: =SUM(F19:F33) -> 41.892947 | J35: Wynik finalny | K35: =K33 + (K34 - K33) * ((C6 - M30) / (M31 - M30)) -> 234.13019 | R35: Płyta gładka (blacha ocynk) | S35: 2 | T35: 2 | U35: 2
A36: koszt pracy | B36: =_xlfn.IFS( C6<=400, 30, C6<=600, 45, C6<=900, 60, C6<=1200, 80, C6<=1400, 100, C6<=1600, 120, C6<=1800, 140, C6<=2000, 160 ) -> 30 | C36: =IF(AND(C5>=1500,C6>=1400),8,IF(AND(C5>=1500,C6<1400),8,IF(AND(C5<1500,C6>=1400),8,IF(AND(C5<1500,C6<1400),5)))) -> 5 | D36: min. | E36: ='Ceny składowe'!C94 -> 0.7 | F36: =(B36+C36)*E36 -> 24.5
E37: materiał + praca | F37: =F35+F36 -> 66.392947
E39: Cena | F39: =K35 -> 234.13019
E40: Narzut | F40: =(F39-F37)/F37 -> 2.5264316
B43: Przepustnica jednopłaszczyznowa
B45: Szerokość B | C45: ='Cennik Produkcja '!D10 -> 250 | D45: mm
B46: Wysokość H | C46: ='Cennik Produkcja '!E10 -> 200 | D46: mm
B47: Długość L | C47: ='Cennik Produkcja '!D12 -> 250 | D47: mm
B49: Blacha obudowy | C49: =((C45+C46+C45+C46)*C47)/1000000 -> 0.225 | D49: m2
B50: Blacha płyty wewnątrz | C50: =((C46*C45)/1000000)*1.1 -> 0.055 | D50: m2
A52: KOD OPTIMA | B52: Zapotrzebowanie materiału | C52: ilość | E52: cena jedn. | F52: wartość
A53: PROFILRAMKI20-P | B53: Profil ramki | C53: =(((C45*2)+(C46*2))*2)/1000 -> 1.8 | D53: mb | E53: ='Ceny składowe'!C34 -> 1.89 | F53: =C53*E53 -> 3.402
A54: ZAMEKDOPRZEPJEDN | B54: Zamek do przepustnicy jedno. >500 | C54: =IF(OR(C45>=500,C46>=500),1,0.0001) -> 0.0001 | D54: szt | E54: ='Ceny składowe'!C45 -> 7 | F54: =C54*E54 -> 0.0007
A55: ZAMEKDOPRZEPOKRĄGŁYCH | B55: Zamek do przepustnicy jedno. <500 | C55: =IF(AND(C45<500,C46<500),1,0.0001) -> 1 | D55: szt | E55: ='Ceny składowe'!C46 -> 4.9 | F55: =C55*E55 -> 4.9
A56: NAROŻNIK-K20 | B56: Narożniki | C56: 8 | D56: szt | E56: ='Ceny składowe'!C20 -> 0.27 | F56: =C56*E56 -> 2.16
A57: BLACHA0,60X1500 | B57: Blacha | C57: =(C49+C50)*(8*0.6) -> 1.344 | D57: kg | E57: ='Ceny składowe'!C6 -> 4.3 | F57: =C57*E57 -> 5.7792
A58: TRZPIEŃPRZEP | B58: Oś napędu ( pręt) | C58: =IF(OR(C45>=500,C46>=500),(C45+80)/1000,0.0001) -> 0.0001 | D58: mb | E58: ='Ceny składowe'!C31 -> 6.67 | F58: =C58*E58 -> 0.000667
E62: koszt materiału | F62: =SUM(F53:F59) -> 16.242567
B63: koszt pracy | C63: =IF(AND(C45<=150,C46<=150),25,IF(AND(C45<=300,C46<=300),30,IF(AND(C45<=300,C46>300),35,IF(AND(C45>300,C46<=300),35,IF(AND(C45<=500,C46<=500),40,IF(AND(C45<=500,C46>500),45,IF(AND(C45>500,C46<=500),45,IF(AND(C45>500,C46>500),50)))))))) -> 30 | D63: min. | E63: ='Ceny składowe'!C94 -> 0.7 | F63: =C63*E63 -> 21
E64: materiał + praca | F64: =F62+F63 -> 37.242567
E66: Cena | F66: =IF(OR(C45<=100,C46<=100),F62*5.4,IF(OR(C45<=200,C46<=200),F62*5.1,IF(OR(C45<=300,C46<=300),F62*4.55,IF(OR(C45<=400,C46<=400),F62*4.35,IF(OR(C45<=500,C46<=500),F62*4,IF(OR(C45>500,C46>500),F62*3.8)))))) -> 82.837092
E67: Narzut | F67: =(F66-F64)/F64 -> 1.2242584

Sheet Wywietrzak cylindryczny
B1: Wywietrzak cylindryczny
A2: średnica | B2: masa | E2: Cena AJP H3 | F2: Marża
A3: 100 | B3: 1 | C3: kg | D3: =IF('Cennik Produkcja '!$D$270='Wywietrzak cylindryczny'!A3,'Wywietrzak cylindryczny'!B3,0) -> 0 | E3: 228.71 | F3: 32.68
A4: 125 | B4: 1.4 | C4: kg | D4: =IF('Cennik Produkcja '!$D$270='Wywietrzak cylindryczny'!A4,'Wywietrzak cylindryczny'!B4,0) -> 0 | E4: 243.86 | F4: 24.97
A5: 160 | B5: 2 | C5: kg | D5: =IF('Cennik Produkcja '!$D$270='Wywietrzak cylindryczny'!A5,'Wywietrzak cylindryczny'!B5,0) -> 0 | E5: 266.85 | F5: 19.08
A6: 200 | B6: 3.1 | C6: kg | D6: =IF('Cennik Produkcja '!$D$270='Wywietrzak cylindryczny'!A6,'Wywietrzak cylindryczny'!B6,0) -> 3.1 | E6: 295.9 | F6: 13.51
A7: 250 | B7: 5 | C7: kg | D7: =IF('Cennik Produkcja '!$D$270='Wywietrzak cylindryczny'!A7,'Wywietrzak cylindryczny'!B7,0) -> 0 | E7: 342.48 | F7: 9.35
A8: 315 | B8: 8.2 | C8: kg | D8: =IF('Cennik Produkcja '!$D$270='Wywietrzak cylindryczny'!A8,'Wywietrzak cylindryczny'!B8,0) -> 0 | E8: 414.14 | F8: 6.57
A9: 355 | B9: 10.5 | C9: kg | D9: =IF('Cennik Produkcja '!$D$270='Wywietrzak cylindryczny'!A9,'Wywietrzak cylindryczny'!B9,0) -> 0 | E9: 663.77 | F9: 9.2
A10: 400 | B10: 13.9 | C10: kg | D10: =IF('Cennik Produkcja '!$D$270='Wywietrzak cylindryczny'!A10,'Wywietrzak cylindryczny'!B10,0) -> 0 | E10: 734.11 | F10: 7.55
A11: 450 | B11: 15.7 | C11: kg | D11: =IF('Cennik Produkcja '!$D$270='Wywietrzak cylindryczny'!A11,'Wywietrzak cylindryczny'!B11,0) -> 0 | E11: 843.34 | F11: 7.64
A12: 500 | B12: 19.9 | C12: kg | D12: =IF('Cennik Produkcja '!$D$270='Wywietrzak cylindryczny'!A12,'Wywietrzak cylindryczny'!B12,0) -> 0 | E12: 1012.17 | F12: 7.22
A13: 630 | B13: 38.4 | C13: kg | D13: =IF('Cennik Produkcja '!$D$270='Wywietrzak cylindryczny'!A13,'Wywietrzak cylindryczny'!B13,0) -> 0 | E13: 1593.08 | F13: 5.93
A14: 710 | B14: 51 | C14: kg | D14: =IF('Cennik Produkcja '!$D$270='Wywietrzak cylindryczny'!A14,'Wywietrzak cylindryczny'!B14,0) -> 0 | E14: 0
A15: 800 | B15: 63.6 | C15: kg | D15: =IF('Cennik Produkcja '!$D$270='Wywietrzak cylindryczny'!A15,'Wywietrzak cylindryczny'!B15,0) -> 0 | E15: 0
C17: Waga | D17: =SUM(D3:D16) -> 3.1
A21: KOD OPTIMA | B21: Zapotrzebowanie materiału | C21: ilość | E21: cena jedn. | F21: wartość
A22: BLACHA0,60X1500 | B22: Blacha | C22: =D17 -> 3.1 | D22: kg | E22: ='Ceny składowe'!C6 -> 4.3 | F22: =C22*E22 -> 13.33
A23: NITZRYWALNY 4/6 | B23: nit | C23: =IF('Cennik Produkcja '!D270<=125,6,IF('Cennik Produkcja '!D270<=250,8,IF('Cennik Produkcja '!D270>=315,12)))/681 -> 0.01174743 | D23: kg | E23: ='Ceny składowe'!C58 -> 17.9 | F23: =C23*E23 -> 0.210279

Sheet Czerpnia ścienna
B2: czerpnia ścienna CWS | J2: marża | K2: Cena | L2: A (szerokość) | M2: B (wysokość) | N2: średnia sym.
J3: 2.655 | K3: =ROUND(F21*(1+J3),2) -> 69.35 | L3: =IF(C4<=250,K3,0) -> 69.35 | M3: =IF(C5<=250,K3,0) -> 69.35 | N3: =IF(AND(L3>0,M3>0),L3) -> 69.35
B4: Szerokość B | C4: ='Cennik Produkcja '!D16 -> 250 | D4: mm | J4: 2.229 | K4: =ROUND(F21*(1+J4),2) -> 61.27 | L4: =IF(AND(C4<=300,C4>250),K4,0) -> 0 | M4: =IF(AND(C5<=300,C5>250),K4,0) -> 0 | N4: =IF(AND(L4>0,M4>0),L4) -> FALSE
B5: Wysokość H | C5: ='Cennik Produkcja '!E16 -> 150 | D5: mm | J5: 1.8498 | K5: =ROUND(F21*(1+J5),2) -> 54.07 | L5: =IF(AND(C4<=400,C4>300),K5,0) -> 0 | M5: =IF(AND(C5<=400,C5>300),K5,0) -> 0 | N5: =IF(AND(L5>0,M5>0),L5) -> FALSE
J6: 1.7068 | K6: =ROUND(F21*(1+J6),2) -> 51.36 | L6: =IF(AND(C4<=500,C4>400),K6,0) -> 0 | M6: =IF(AND(C5<=500,C5>400),K6,0) -> 0 | N6: =IF(AND(L6>0,M6>0),L6) -> FALSE
B7: powierzchnia | C7: =(C4*C5)/1000000 -> 0.0375 | D7: m2 | J7: 1.521 | K7: =ROUND(F21*(1+J7),2) -> 47.83 | L7: =IF(AND(C4<=600,C4>500),K7,0) -> 0 | M7: =IF(AND(C5<=600,C5>500),K7,0) -> 0 | N7: =IF(AND(L7>0,M7>0),L7) -> FALSE
J8: 1.462 | K8: =ROUND(F21*(1+J8),2) -> 46.72 | L8: =IF(AND(C4<=700,C4>600),K8,0) -> 0 | M8: =IF(AND(C5<=700,C5>600),K8,0) -> 0 | N8: =IF(AND(L8>0,M8>0),L8) -> FALSE
J9: 1.3712 | K9: =ROUND(F21*(1+J9),2) -> 44.99 | L9: =IF(AND(C4<=800,C4>700),K9,0) -> 0 | M9: =IF(AND(C5<=800,C5>700),K9,0) -> 0 | N9: =IF(AND(L9>0,M9>0),L9) -> FALSE
A10: KOD OPTIMA | B10: Zapotrzebowanie materiału | C10: ilość | E10: cena jedn. | F10: wartość | J10: 1.3304 | K10: =ROUND(F21*(1+J10),2) -> 44.22 | L10: =IF(AND(C4<=900,C4>800),K10,0) -> 0 | M10: =IF(AND(C5<=900,C5>800),K10,0) -> 0 | N10: =IF(AND(L10>0,M10>0),L10) -> FALSE
A11: PROFILCZERPNIG | B11: Profil ramy czerpni gładki | C11: =(C4*2)/1000 -> 0.5 | D11: mb | E11: ='Ceny składowe'!C38 -> 10.9 | F11: =C11*E11 -> 5.45 | J11: 1.2572 | K11: =ROUND(F21*(1+J11),2) -> 42.83 | L11: =IF(AND(C4<=1000,C4>900),K11,0) -> 0 | M11: =IF(AND(C5<=1000,C5>900),K11,0) -> 0 | N11: =IF(AND(L11>0,M11>0),L11) -> FALSE
A12: PROFILCZERPNIP | B12: Profil ramy czerpni punktowany | C12: =(C5*2)/1000 -> 0.3 | D12: mb | E12: ='Ceny składowe'!C39 -> 11.9 | F12: =C12*E12 -> 3.57 | J12: 1.132 | K12: =ROUND(F21*(1+J12),2) -> 40.45 | L12: =IF(AND(C4<=1200,C4>1000),K12,0) -> 0 | M12: =IF(AND(C5<=1200,C5>1000),K12,0) -> 0 | N12: =IF(AND(L12>0,M12>0),L12) -> FALSE
A13: PROFILCZERP | B13: Profil łopatki czerpni | C13: =((C5/65)*C4)/1000 -> 0.57692308 | D13: mb | E13: ='Ceny składowe'!C33 -> 7.29 | F13: =C13*E13 -> 4.2057692 | J13: 1.101 | K13: =ROUND(F21*(1+J13),2) -> 39.87 | L13: =IF(AND(C4<=1500,C4>1200),K13,0) -> 0 | M13: =IF(AND(C5<=1500,C5>1200),K13,0) -> 0 | N13: =IF(AND(L13>0,M13>0),L13) -> FALSE
A14: NAROŻNIKCZERPNI | B14: Narożnik czerpni | C14: 4 | D14: szt | E14: ='Ceny składowe'!C24 -> 1.1 | F14: =C14*E14 -> 4.4 | J14: 1.1364 | K14: =ROUND(F21*(1+J14),2) -> 40.54 | L14: =IF(AND(C4<=1800,C4>1500),K14,0) -> 0 | M14: =IF(AND(C5<=1800,C5>1500),K14,0) -> 0 | N14: =IF(AND(L14>0,M14>0),L14) -> FALSE
A15: SIATKACASANET19X19 | B15: Siatka 1m | C15: =IF(AND(C4<=1000,C5>1000),C7,IF(AND(C4>1000,C5<=1000),C7,IF(AND(C4<=1000,C5<=1000),C7,IF(AND(C4>1000,C5>1000),0.0001)))) -> 0.0375 | D15: mb/m2 | E15: ='Ceny składowe'!C42 -> 17.2 | F15: =C15*E15 -> 0.645 | J15: 1.0805 | K15: =ROUND(F21*(1+J15),2) -> 39.48 | L15: =IF(AND(C4<=2000,C4>1800),K15,0) -> 0 | M15: =IF(AND(C5<=2000,C5>1800),K15,0) -> 0 | N15: =IF(AND(L15>0,M15>0),L15) -> FALSE
A16: SIATKACASANET19X19 L=1500 | B16: Siatka 1,5m | C16: =IF(AND(C4>1000,C5>1000),C7/1.4,IF(AND(C4<=1000,C5>1000),0.0001,IF(AND(C4>1000,C5<=1000),0.0001,IF(AND(C4<=1000,C5<=1000),0.0001)))) -> 0.0001 | D16: mb | E16: ='Ceny składowe'!C41 -> 24.39 | F16: =C16*E16 -> 0.002439 | J16: 1.03 | K16: =ROUND(F21*(1+J16),2) -> 38.52 | L16: =IF(C4>2000,K16,0) -> 0 | M16: =IF(C5>2000,K16,0) -> 0 | N16: =IF(AND(L16>0,M16>0),L16) -> FALSE
A17: NITZRYWALNY 4/6 | B17: Nit zrywalny 4/6 | C17: =8/681 -> 0.01174743 | D17: kg | E17: ='Ceny składowe'!C57 -> 15.91 | F17: =C17*E17 -> 0.18690162 | L17: =SUM(L3:L16) -> 69.35 | M17: =SUM(M3:M16) -> 69.35 | N17: =SUM(N3:N16) -> 69.35
A18: WKRĘT IMBUS 4,2X16 | B18: Wkręt samogwintujący pod imbus 4,2x19 (1000szt) | C18: =((C5/7)*4)/10000 -> 0.0085714286 | D18: op | E18: ='Ceny składowe'!C63 -> 38.1 | F18: =C18*E18 -> 0.32657143
K19: średnia sym. | L19: =L17 -> 69.35 | M19: =N17 -> 69.35 | N19: =AVERAGE(L17,M19) -> 69.35
E20: odpady | F20: 1.01 | K20: średnia asym. | L20: =L17 -> 69.35 | M20: =IF(AND(C4>=700,C5<=200),M17*(1-13%),IF(AND(C4<700,C5<=200),M17*(1-5%),IF(AND(C4>=700,C5<=400),M17*(1-6%),IF(AND(C4<700,C5<=400),M17,IF(AND(C4>=700,C5<=600),M17*(1+0.4%),IF(AND(C4<700,C5<=600),M17*(1+0.8%),IF(AND(C4>=700,C5<=1200),M17*(1+3.1%),IF(AND(C4<700,C5<=1200),M17*(1+2%),IF(AND(C4>=700,C5<=1500),M17*(1-1%),IF(AND(C4<700,C5<=1500),M17*(1-0.8%),IF(AND(C4>=700,C5<=2000),M17*(1+0.6%),IF(AND(C4<700,C5<=2000),M17*(1-0.5%),IF(AND(C4>=700,C5<=2500),M17*(1-0.4%),IF(AND(C4<700,C5<=2500),M17*(1-1%))))))))))))))) -> 65.8825 | N20: =AVERAGE(L20,M20) -> 67.61625
E21: Koszt materiału | F21: =SUM(F11:F18)*F20 -> 18.974548
B22: koszt pracy | C22: =IF(AND(C5<=400),30,IF(AND(C5<=600,C5>400),45,IF(AND(C5<=900,C5>600),60,IF(AND(C5<=1200,C5>900),80,IF(AND(C5<=1400,C5>1200),100,IF(AND(C5<=1600,C5>1400),120,IF(AND(C5<=1800,C5>1600),140,IF(AND(C5<=2000,C5>1800),160,IF(AND(C5>2000),180))))))))) -> 30 | D22: min. | E22: ='Ceny składowe'!C94 -> 0.7 | F22: =C22*E22 -> 21 | L22: Cena | M22: =IF(L17=M19,N19,N20) -> 69.35
E23: materiał + praca | F23: =F21+F22 -> 39.974548 | L23: Narzut | M23: =(M22-F23)/F23 -> 0.73485388
D25: Marża AJP 2019-03 (Optima) - PROPOZYCJA
F26: szerokość B [mm]
F27: 200 | G27: 300 | H27: 400 | I27: 500 | J27: 600 | K27: 700 | L27: 800 | M27: 900 | N27: 1000 | O27: 1200 | P27: 1500
D28: wysokość H [mm] | E28: 200 | F28: 3.5 | G28: 3 | H28: 2.5 | I28: 2 | J28: 2 | K28: 2 | L28: 2 | M28: 1.5 | N28: 1.5 | O28: 1.5 | P28: 1.25
E29: 300 | F29: 3.5 | G29: 3 | H29: 2.5 | I29: 2 | J29: 2 | K29: 2 | L29: 2 | M29: 1.5 | N29: 1.5 | O29: 1.5 | P29: 1.25
E30: 400 | F30: 3.5 | G30: 3 | H30: 2.5 | I30: 2 | J30: 2 | K30: 2 | L30: 2 | M30: 1.5 | N30: 1.5 | O30: 1.5 | P30: 1.25
E31: 500 | F31: 3.5 | G31: 3 | H31: 2.5 | I31: 2 | J31: 2 | K31: 2 | L31: 2 | M31: 1.5 | N31: 1.5 | O31: 1.5 | P31: 1.25
E32: 600 | F32: 3.5 | G32: 3 | H32: 2.5 | I32: 2 | J32: 2 | K32: 2 | L32: 2 | M32: 1.5 | N32: 1.5 | O32: 1.5 | P32: 1.25
E33: 700 | F33: 3.5 | G33: 3 | H33: 2.5 | I33: 2 | J33: 2 | K33: 2 | L33: 2 | M33: 1.5 | N33: 1.5 | O33: 1.5 | P33: 1.25
E34: 800 | F34: 3.5 | G34: 3 | H34: 2.5 | I34: 2 | J34: 2 | K34: 2 | L34: 2 | M34: 1.5 | N34: 1.5 | O34: 1.5 | P34: 1.25
E35: 900 | F35: 3.5 | G35: 3 | H35: 2.5 | I35: 2 | J35: 2 | K35: 2 | L35: 2 | M35: 1.5 | N35: 1.5 | O35: 1.5 | P35: 1.25
E36: 1000 | F36: 3.5 | G36: 3 | H36: 2.5 | I36: 2 | J36: 2 | K36: 2 | L36: 2 | M36: 1.5 | N36: 1.5 | O36: 1.5 | P36: 1.25
E37: 1200 | F37: 3.5 | G37: 3 | H37: 2.5 | I37: 2 | J37: 2 | K37: 2 | L37: 2 | M37: 1.5 | N37: 1.5 | O37: 1.5 | P37: 1.25
D41: plus 10%
D42: ZS- CZERPNIE ŚCIENNE - 10.04.2026
F43: wysokość H [mm]
D44: szerokość B [mm] | F44: 200 | G44: 400 | H44: 600 | I44: 800 | J44: 1000 | K44: 1200 | L44: 1400 | M44: 1600 | N44: 1800 | O44: 2000 | P44: 2200 | Q44: 2400 | R44: 2600
E45: 200 | F45: 70.081 | G45: 96.393 | H45: 122.683 | I45: 148.995 | J45: 175.956 | K45: 202.796 | L45: 229.79 | M45: 256.795 | N45: 283.8 | O45: 310.794 | P45: 337.799 | Q45: 364.804 | R45: 391.798
E46: 400 | F46: 90.266 | G46: 125.697 | H46: 161.447 | I46: 197.197 | J46: 234.234 | K46: 270.677 | L46: 307.131 | M46: 343.563 | N46: 380.006 | O46: 416.46 | P46: 452.892 | Q46: 489.335 | R46: 525.778
E47: 600 | F47: 110.814 | G47: 156.046 | H47: 201.267 | I47: 247.984 | J47: 294.327 | K47: 340.571 | L47: 386.804 | M47: 433.048 | N47: 479.281 | O47: 525.525 | P47: 571.769 | Q47: 618.013 | R47: 664.246
E48: 800 | F48: 131.01 | G48: 185.669 | H48: 241.516 | I48: 297.187 | J48: 352.77 | K48: 408.463 | L48: 464.134 | M48: 519.827 | N48: 575.509 | O48: 631.18 | P48: 686.873 | Q48: 742.544 | R48: 798.237
E49: 1000 | F49: 151.195 | G49: 216.161 | H49: 281.281 | I49: 346.401 | J49: 411.213 | K49: 476.344 | L49: 541.475 | M49: 606.595 | N49: 671.715 | O49: 736.846 | P49: 801.966 | Q49: 867.097 | R49: 932.217
E50: 1200 | F50: 171.93 | G50: 246.488 | H50: 321.057 | I50: 395.626 | J50: 469.656 | K50: 544.225 | L50: 618.805 | M50: 693.374 | N50: 767.932 | O50: 842.501 | P50: 917.07 | Q50: 991.628 | R50: 1066.208
E51: 1400 | F51: 192.819 | G51: 276.826 | H51: 360.833 | I51: 444.84 | J51: 528.099 | K51: 612.128 | L51: 696.124 | M51: 780.142 | N51: 864.149 | O51: 948.167 | P51: 1032.174 | Q51: 1116.181 | R51: 1200.188
E52: 1600 | F52: 235.697 | G52: 333.3 | H52: 430.903 | I52: 528.506 | J52: 624.349 | K52: 721.952 | L52: 819.555 | M52: 917.158 | N52: 1014.761 | O52: 1112.364 | P52: 1209.967 | Q52: 1307.57 | R52: 1405.162
E53: 1800 | F53: 256.685 | G53: 363.847 | H53: 470.998 | I53: 578.149 | J53: 683.331 | K53: 790.482 | L53: 897.633 | M53: 1004.784 | N53: 1111.946 | O53: 1219.097 | P53: 1326.248 | Q53: 1433.399 | R53: 1540.55
E54: 2000 | F54: 277.684 | G54: 394.394 | H54: 511.104 | I54: 627.792 | J54: 742.291 | K54: 859.001 | L54: 975.7 | M54: 1092.421 | N54: 1325.819 | O54: 1325.819 | P54: 1442.529 | Q54: 1559.239 | R54: 1675.938
B57: V-TRAP/USOL
B59: V-TRAP czerpnia | E59: V-TRAP wyrzutnia | H59: USOL czerpnia | K59: USOL wyrzutnia
A60: średnica | B60: blacha 0,6 | C60: blacha 0,8 | E60: blacha 0,6 | F60: blacha 0,8 | H60: blacha 0,6 | I60: blacha 0,8 | K60: blacha0,6 | L60: blacha 0,8
A61: 100 | B61: 0.28
A62: 125 | B62: 0.39
A63: 150 | B63: 0.54
A64: 160 | B64: 0.59
A65: 200 | B65: 0.94
A66: 250 | B66: 1.39
A67: 315 | B67: 1.91
A68: 355 | B68: 0.3 | C68: 2.6
A69: 400 | B69: 0.36 | C69: 3.3
A71: ='Cennik Produkcja '!D431 -> 400 | C71: Waga
A75: KOD OPTIMA | B75: Zapotrzebowanie materiału | C75: ilość | E75: cena jedn. | F75: wartość | I75: V-TRAP/USOL RAL
A76: BLACHA0,60X1500 | B76: Blacha 0,6 | C76: =D71 -> 0 | D76: kg | E76: ='Ceny składowe'!C6 -> 4.3 | F76: =C76*E76 -> 0 | H76: Średnica fi | I76: V-TRAP czerpnia | J76: V-TRAP wyrzutnia | K76: USOL czerpnia | L76: USOL wyrzutnia
A77: BLACHA0,80X1500 | B77: Blacha 0,8 | D77: kg | E77: ='Ceny składowe'!C7 -> 4.2 | F77: =C77*E77 -> 0 | H77: 100 | I77: 80.49 | J77: 85.49 | K77: 78.92 | L77: 83.92
A78: SIATKACASANET6X6 | B78: siatka | C78: =(A71+15)*(A71+15)/1000000 -> 0.172225 | D78: m2 | E78: 23.98 | F78: =C78*E78 -> 4.1299555 | H78: 125 | I78: 96.75 | J78: 101.75 | K78: 94.98 | L78: 99.98
A79: NITZRYWALNY3/6 | B79: Nit | C79: =IF(A71<125,4,IF(A71<315,6,IF(A71>=315,8)))/1146 -> 0.0069808028 | D79: kg | E79: ='Ceny składowe'!C57 -> 15.91 | F79: =C79*E79 -> 0.11106457 | H79: 150 | I79: 113.04 | J79: 118.04 | K79: 110.01 | L79: 115.01
H80: 160 | I80: 121.14 | J80: 126.14 | K80: 118.29 | L80: 123.29
H81: 200 | I81: 153.66 | J81: 158.66 | K81: 150.16 | L81: 155.16
E82: Cena | F82: ='Cennik Produkcja '!G431 -> 373.98 | H82: 250 | I82: 186.18 | J82: 191.18 | K82: 182.68 | L82: 187.68
H83: 315 | I83: 259.35 | J83: 264.35 | K83: 254.77 | L83: 259.77
H84: 355 | I84: 303.12 | J84: 308.12 | K84: 298.02 | L84: 303.02
H85: 400 | I85: 373.98 | J85: 378.98 | K85: 368.11 | L85: 373.11

Sheet Tłumik prostokątny
B4: Tłumik prostokąt TP
M5: Zależności
B6: Wysokość H | C6: ='Cennik Produkcja '!E50 -> 300 | D6: mm | M6: Szerokość | P6: ilość kulis
B7: Szerokość B | C7: ='Cennik Produkcja '!D50 -> 1400 | D7: mm | M7: od | N7: do | P7: 100
B8: Długość - L | C8: ='Cennik Produkcja '!D52 -> 1000 | D8: mm | M8: 200 | N8: 300 | P8: 1
E9: Gramatura blachy kulis | M9: 301 | N9: 500 | P9: 2
B10: Ilość kulis 100 | C10: 4 | D10: szt | E10: =((((((C6*2)+(C8*2))*150)/1000000)*C10))*C25*C27 -> 9.984 | M10: 501 | N10: 700 | P10: 3
B11: Ilość kulis 150 | C11: 0 | D11: szt | E11: =(((((C6*2)+(C8*2))*200)/1000000)*C25)*C11 -> 0 | I11: koszt materiału | J11: =F43 -> 394.40445 | M11: 701 | N11: 900 | P11: 4
B12: Ilość kulis 200 | C12: =IF(C7<1001,0,IF(C7>2500,7,IF(C7>2000,6,IF(C7>1700,5,IF(C7>1300,4,IF(C7>1000,3)))))) -> 4 | D12: szt | E12: =(((((C6*2)+(C8*2))*250)/1000000)*C25*8)*C12 -> 16.64 | M12: 901 | N12: 1000 | P12: 5
B13: Powierzchnia kulis 100 | C13: =((C6*C8)*1)*C10/1000000 -> 1.2 | D13: m2 | H13: Cena sprzedaży AJP | I13: Cena sprzedaży PERŁA | J13: cena katalogowa | M13: Szerokość | P13: ilość kulis
B14: Powierzchnia kulis 150 | C14: =((C7*C8)*3)*C11/10000000 -> 0 | D14: m2 | F14: marża | G14: 2.4 | H14: =ROUND(J11*(1+G14),2) -> 1340.98 | I14: =ROUND(H14*0.8,2) -> 1072.78 | J14: =H14/0.6 -> 2234.9667 | M14: od | N14: do | P14: 200
B15: Powierzchnia kulis 200 | C15: =((C6*C8)*2)*C12/1000000 -> 2.4 | D15: m2 | F15: marża | G15: 4.14 | H15: =ROUND(J11*(1+G15),2) -> 2027.24 | I15: =ROUND(H15*0.86,2) -> 1743.43 | J15: =H15/0.6 -> 3378.7333 | M15: 1000 | N15: 1300 | P15: 3
B16: Długość ramek | C16: =(C6+C6+C7+C7)*2/1000 -> 6.8 | D16: mb | M16: 1301 | N16: 1700 | P16: 4
M17: 1701 | N17: 2000 | P17: 5
B18: Opas z blachy na kulisach 100 pow. | C18: =((C6+C6+C8+C8)*0.15)*C10/1000 -> 1.56 | D18: m2 | E18: =C18*C25*C27 -> 9.984 | F18: kg | M18: 2001 | N18: 2500 | P18: 6
B19: Opas z blachy na kulisach 150 pow. | C19: =((C6+C6+C8+C8)*0.2)*C11/1000 -> 0 | D19: m2 | E19: =C19*C25*C27 -> 0 | F19: kg | M19: 2501 | P19: 7
B20: Opas z blachy na kulisach 200 pow. | C20: =((C6+C6+C8+C8)*0.25)*C12/1000 -> 2.6 | D20: m2 | E20: =C20*C25*C27 -> 16.64 | F20: kg
B21: Powierzchnia kanału | C21: =(C6+C6+C7+C7)*C8/1000000 -> 3.4 | D21: m2 | E21: =C21*C26*C27 -> 21.76 | F21: kg
N22: 200 | O22: 300 | P22: 400 | Q22: 500 | R22: 600 | S22: 700 | T22: 800 | U22: 900 | V22: 1000 | W22: 1200 | X22: 1400 | Y22: 1600 | Z22: 1800 | AA22: 2000
B23: Całkowita pow blachy | C23: =SUM(C18:C21) -> 7.56 | D23: m2 | M23: 200 | N23: 1.6 | O23: 1.6 | P23: 1.4 | Q23: 1.4 | R23: 1.4 | S23: 1.4 | T23: 1.4 | U23: 1.05 | V23: 1.05 | W23: 1.05 | X23: 1.05 | Y23: 1.05 | Z23: 1.05 | AA23: 1.05
M24: 300 | N24: 1.6 | O24: 1.6 | P24: 1.4 | Q24: 1.4 | R24: 1.4 | S24: 1.4 | T24: 1.4 | U24: 1.05 | V24: 1.05 | W24: 1.05 | X24: 1.05 | Y24: 1.05 | Z24: 1.05 | AA24: 1.05
B25: Grubość blachy kulisy | C25: =IF(AND(C6<=800,C8<1000),0.6,IF(AND(C6<=800,C8>=1000),0.8,IF(AND(C6>800,C8<=1000),0.8,IF(AND(C6>800,C8>1000),0.8)))) -> 0.8 | D25: mm | M25: 400 | N25: 1.05 | O25: 1.05 | P25: 0.8 | Q25: 0.8 | R25: 0.8 | S25: 0.8 | T25: 0.8 | U25: 0.65 | V25: 0.65 | W25: 0.65 | X25: 0.65 | Y25: 0.65 | Z25: 0.65 | AA25: 0.65
B26: Grubość blachy kanału | C26: =IF(AND(C6<=800,C7<=800),0.6,IF(AND(C6<=800,C7>800),0.8,IF(AND(C6>800,C7<=800),0.8,IF(AND(C6>800,C7>800),0.8)))) -> 0.8 | D26: mm | M26: 500 | N26: 1.05 | O26: 1.05 | P26: 0.8 | Q26: 0.8 | R26: 0.8 | S26: 0.8 | T26: 0.8 | U26: 0.65 | V26: 0.65 | W26: 0.65 | X26: 0.65 | Y26: 0.65 | Z26: 0.65 | AA26: 0.65
B27: Współczynnik | C27: 8 | M27: 600 | N27: 1.05 | O27: 1.05 | P27: 0.8 | Q27: 0.8 | R27: 0.8 | S27: 0.8 | T27: 0.8 | U27: 0.65 | V27: 0.65 | W27: 0.65 | X27: 0.65 | Y27: 0.65 | Z27: 0.65 | AA27: 0.65
M28: 700 | N28: 1.05 | O28: 1.05 | P28: 0.8 | Q28: 0.8 | R28: 0.8 | S28: 0.8 | T28: 0.8 | U28: 0.65 | V28: 0.65 | W28: 0.65 | X28: 0.65 | Y28: 0.65 | Z28: 0.65 | AA28: 0.65
B29: Gramatura blachy | C29: =(8*C26*((C8/1000*2*(C6/1000+C7/1000))))+SUM(E10,E11,E12) -> 48.384 | D29: kg | M29: 800 | N29: 1.05 | O29: 1.05 | P29: 0.8 | Q29: 0.8 | R29: 0.8 | S29: 0.8 | T29: 0.8 | U29: 0.65 | V29: 0.65 | W29: 0.65 | X29: 0.65 | Y29: 0.65 | Z29: 0.65 | AA29: 0.65
B30: Gramatura | C30: =C29/1000 -> 0.048384 | D30: T | M30: 900 | N30: 1.05 | O30: 1.05 | P30: 0.65 | Q30: 0.65 | R30: 0.65 | S30: 0.65 | T30: 0.65 | U30: 0.65 | V30: 0.65 | W30: 0.65 | X30: 0.65 | Y30: 0.65 | Z30: 0.65 | AA30: 0.65
M31: 1000 | N31: 1.05 | O31: 1.05 | P31: 0.65 | Q31: 0.65 | R31: 0.65 | S31: 0.65 | T31: 0.65 | U31: 0.65 | V31: 0.65 | W31: 0.65 | X31: 0.65 | Y31: 0.65 | Z31: 0.65 | AA31: 0.65
M32: 1200 | N32: 1.05 | O32: 1.05 | P32: 0.65 | Q32: 0.65 | R32: 0.65 | S32: 0.65 | T32: 0.65 | U32: 0.65 | V32: 0.65 | W32: 0.65 | X32: 0.65 | Y32: 0.65 | Z32: 0.65 | AA32: 0.65
A33: KOD OPTIMA | B33: Zapotrzebowanie materiału | C33: ilość | E33: cena jedn. | F33: wartość | M33: 1500 | N33: 1.05 | O33: 1.05 | P33: 0.65 | Q33: 0.65 | R33: 0.65 | S33: 0.65 | T33: 0.65 | U33: 0.65 | V33: 0.65 | W33: 0.65 | X33: 0.65 | Y33: 0.65 | Z33: 0.65 | AA33: 0.65
A34: BLACHA0,80X1500 | B34: Blacha | C34: =IF(AND(C25=0.8,C26=0.6),E18+E19+E20,IF(AND(C25=0.8,C26=0.8),E18+E19+E20+E21,IF(AND(C25=0.6,C26=0.8),E21,IF(AND(C25=0.6,C26=0.6),0.0001)))) -> 48.384 | D34: kg | E34: ='Ceny składowe'!C7 -> 4.2 | F34: =E34*C34 -> 203.2128
A35: BLACHA0,60X1500 | B35: Blacha | C35: =IF(AND(C25=0.8,C26=0.6),E21,IF(AND(C25=0.8,C26=0.8),0.0001,IF(AND(C25=0.6,C26=0.8),E18+E19+E20,IF(AND(C25=0.6,C26=0.6),E18+E19+E20+E21)))) -> 0.0001 | D35: kg | E35: ='Ceny składowe'!C6 -> 4.3 | F35: =E35*C35 -> 0.00043
A36: KNAUFBD060/100/2000/1200 | B36: Wełna 100 welon dwustronny | C36: =C13+C14+C15 -> 3.6 | D36: m2 | E36: ='Ceny składowe'!C62 -> 45.8 | F36: =E36*C36 -> 164.88
A37: NAROŻNIK-K20 | B37: Narożniki | C37: =IF(OR(C6>1000,C7>1000),0.0001,8) -> 0.0001 | D37: szt. | E37: ='Ceny składowe'!C20 -> 0.27 | F37: =E37*C37 -> 2.7e-05
A38: PROFILRAMKI20-P | B38: Profil ramki | C38: =IF(OR(C6>1000,C7>1000),0.0001,C16) -> 0.0001 | D38: mb | E38: ='Ceny składowe'!C34 -> 1.89 | F38: =E38*C38 -> 0.000189
A39: PROFILRAMKI30-P | B39: Profil ramki | C39: =IF(OR(C6>1000,C7>1000),C16,0.0001) -> 6.8 | D39: mb | E39: ='Ceny składowe'!C36 -> 2.92 | F39: =E39*C39 -> 19.856
A40: NAROŻNIK-K30 | B40: Narożniki | C40: =IF(OR(C6>1000,C7>1000),8,0.0001) -> 8 | D40: mb | E40: ='Ceny składowe'!C22 -> 0.75 | F40: =E40*C40 -> 6
A41: SILIKON UNIWERSALNY STINGER | B41: Silikon | C41: 0.05 | D41: szt. | E41: ='Ceny składowe'!C78 -> 9.1 | F41: =E41*C41 -> 0.455
E43: Koszt materiału | F43: =SUM(F34:F41) -> 394.40445
E44: Cena sprzedaży | F44: =IF(AND(C7<=400,C6<400),F43*5.35,IF(AND(C7<=400,C6>=400),F43*4.5,IF(AND(C7<=600,C6<400),F43*5.33,IF(AND(C7<700,C6<400),F43*5.2,IF(AND(C7<=800,C6<400),F43*5.22,IF(AND(C7<=800,C6>=400),F43*4.43,IF(AND(C7<=1000,C6<400),F43*3.76,IF(AND(C7<=1000,C6>=400),F43*3.76,IF(AND(C7<=1200,C6<400),F43*3.24,IF(AND(C7<=1200,C6>=400),F43*3.24,IF(AND(C7<=1400,C6<400),F43*2.87,IF(AND(C7<=1400,C6>=400),F43*2.87,IF(AND(C7<=1800,C6<400),F43*3.21,IF(AND(C7<=1800,C6>=400),F43*3.21,IF(AND(C7>1800,C6<400),F43*2.88,IF(AND(C7>1800,C6>=400),F43*2.88)))))))))))))))) -> 1131.9408
E45: Narzut | F45: =(F44-F48)/F48 -> 1.2352504
B47: koszt pracy | C47: =IF(AND(C8<=1000,'Cennik Produkcja '!E52=100),28,IF(AND(C8<=1000,'Cennik Produkcja '!E52=150),45,IF(AND(C8<=1000,'Cennik Produkcja '!E52=200),40,IF(AND(C8<=2000,'Cennik Produkcja '!E52=100),45,IF(AND(C8<=2000,'Cennik Produkcja '!E52=150),68,IF(AND(C8<=2000,'Cennik Produkcja '!E52=200),63)))))) -> 40 | D47: min. | E47: ='Ceny składowe'!C94 -> 0.7 | F47: =(C47*'Cennik Produkcja '!F52)*E47 -> 112
E48: materiał + praca | F48: =F43+F47 -> 506.40445
B54: Tłumik prostokąt TP-N.K
B56: Wysokość H | C56: ='Cennik Produkcja '!E57 -> 300 | D56: mm
B57: Szerokość B | C57: ='Cennik Produkcja '!D57 -> 550 | D57: mm
B58: Długość - L | C58: ='Cennik Produkcja '!D59 -> 1000 | D58: mm
B60: wymiar kulisy | C60: ='Cennik Produkcja '!E59 -> 100 | D60: mm
B61: ilość kulis | C61: ='Cennik Produkcja '!F59 -> 2 | D61: szt
B62: Powierzchnia kulis 100 | C62: =((C56*C58)*1)*C61/1000000 -> 0.6 | D62: m2 | E62: =IF(NOT(C60=100),0.0001,C62) -> 0.6
B63: Powierzchnia kulis 150 | C63: =((C56*C58)*3)*C61/1000000 -> 1.8 | D63: m2 | E63: =IF(NOT(C60=150),0.0001,C63) -> 0.0001
B64: Powierzchnia kulis 200 | C64: =((C56*C58)*2)*C61/1000000 -> 1.2 | D64: m2 | E64: =IF(NOT(C60=200),0.0001,C64) -> 0.0001
B65: Długość ramek | C65: =(C56+C56+C57+C57)*2/1000 -> 3.4 | D65: mb | E65: =IF(C57<=100,0,C65) -> 3.4
B66: Narożniki | C66: 8 | D66: szt | E66: =IF(C57<=100,0,C66) -> 8
F67: waga :
B68: Opas z blachy na kulisach 100 pow. | C68: =((C56+C56+C58+C58)*0.15)*C61/1000 -> 0.78 | D68: m2 | E68: =IF(C60=100,C68) -> 0.78 | F68: =E68*C75*C77 -> 4.992 | G68: kg
B69: Opas z blachy na kulisach 150 pow. | C69: =((C56+C56+C58+C58)*0.2)*C61/1000 -> 1.04 | D69: m2 | E69: =IF(C60=150,C69) -> FALSE | F69: =E69*C75*C77 -> 0 | G69: kg
B70: Opas z blachy na kulisach 200 pow. | C70: =((C56+C56+C58+C58)*0.25)*C61/1000 -> 1.3 | D70: m2 | E70: =IF(C60=200,C70) -> FALSE | F70: =E70*C75*C77 -> 0 | G70: kg
B71: Powierzchnia kanału | C71: =(C56+C56+C57+C57)*C58/1000000 -> 1.7 | D71: m2 | E71: =IF(C57<=100,0,C71) -> 1.7 | F71: =E71*C76*C77 -> 8.16 | G71: kg
B73: Całkowita pow blachy | C73: =SUM(E68:E71) -> 2.48 | D73: m2 | F73: =F68+F69+F70+F71 -> 13.152 | G73: kg
B75: Grubość blachy kulisy | C75: =IF(AND(C56<=800,C58<1000),0.6,IF(AND(C56<=800,C58>=1000),0.8,IF(AND(C56>800,C58<=1000),0.8,IF(AND(C56>800,C58>1000),0.8)))) -> 0.8 | D75: mm
B76: Grubość blachy kanału | C76: =IF(AND(C56<=800,C57<=800),0.6,IF(AND(C56<=800,C57>800),0.8,IF(AND(C56>800,C57<=800),0.8,IF(AND(C56>800,C57>800),0.8)))) -> 0.6 | D76: mm
B77: Współczynnik | C77: 8
A80: KOD OPTIMA | B80: Zapotrzebowanie materiału | C80: ilość | E80: cena jedn. | F80: wartość | H80: Koszt jednej kulisy:
A81: BLACHA0,80X1500 | B81: Blacha | C81: =IF(AND(C75=0.8,C76=0.6),F68+F69+F70,IF(AND(C75=0.8,C76=0.8),F68+F69+F70+F71,IF(AND(C75=0.6,C76=0.8),F71,IF(AND(C75=0.6,C76=0.6),0.0001)))) -> 4.992 | D81: kg | E81: ='Ceny składowe'!C7 -> 4.2 | F81: =C81*E81 -> 20.9664 | H81: Wełna 100 welon j. | I81: =((C56*C58)*2)/1000000 -> 0.6 | J81: =IF(NOT(C60=200),0,I81) -> 0 | L81: m2 | M81: =J81*E83 -> 0
A82: BLACHA0,60X1500 | B82: Blacha | C82: =IF(AND(C75=0.8,C76=0.6),F71,IF(AND(C75=0.8,C76=0.8),0.0001,IF(AND(C75=0.6,C76=0.8),F68+F69+F70,IF(AND(C75=0.6,C76=0.6),F68+F69+F70+F71)))) -> 8.16 | D82: kg | E82: ='Ceny składowe'!C6 -> 4.3 | F82: =C82*E82 -> 35.088 | H82: Wełna 100 welon d. | I82: =((C56*C58)*1)/1000000 -> 0.3 | J82: =IF(NOT(C60=100),0,I82) -> 0.3 | L82: m2 | M82: =J82*E84 -> 13.74
A83: KNAUFBD060/100/2000/1200 | B83: Wełna 100 welon jednostronny ( mamy tylko 2 stronny) | C83: =IF(OR(C60=200),E64,0.0001) -> 0.0001 | D83: m2 | E83: ='Ceny składowe'!C62 -> 45.8 | F83: =C83*E83 -> 0.00458 | H83: Wełna 50 welon j. | I83: =((C56*C58)*3)/1000000 -> 0.9 | J83: =IF(NOT(C60=150),0,I83) -> 0 | L83: m2 | M83: =J83*E85 -> 0
A84: KNAUFBD060/100/2000/1200 | B84: Wełna 100 welon dwustronny | C84: =IF(OR(C60=100),E62,0.0001) -> 0.6 | D84: m2 | E84: ='Ceny składowe'!C62 -> 45.8 | F84: =C84*E84 -> 27.48 | H84: blacha kulisy 100 | I84: =((C56+C56+C58+C58)*0.15)/1000 -> 0.39 | J84: =IF(NOT(C60=100),0,I84) -> 0.39 | K84: =J84*C75*C77 -> 2.496 | L84: kg | M84: suma
A85: INDUSTRIAL60 | B85: Wełna 50 welon jednostronny | C85: =IF(OR(C60=150),E63,0.0001) -> 0.0001 | D85: m2 | E85: ='Ceny składowe'!C60 -> 57.17 | F85: =IF(C85>0.1,C85*E85,0) -> 0 | H85: blacha kulisy 150 | I85: =((C56+C56+C58+C58)*0.2)/1000 -> 0.52 | J85: =IF(NOT(C60=120),0,I85) -> 0 | K85: =J85*C75*C77 -> 0 | L85: kg | M85: =K84+K85+K86 -> 2.496
A86: NAROŻNIK-K20 | B86: Narożniki | C86: =IF(OR(C56>1000,C57>1000),0.0001,E66) -> 8 | D86: szt. | E86: ='Ceny składowe'!C20 -> 0.27 | F86: =C86*E86 -> 2.16 | H86: blacha kulisy 200 | I86: =((C56+C56+C58+C58)*0.25)/1000 -> 0.65 | J86: =IF(NOT(C60=200),0,I86) -> 0 | K86: =J86*C75*C77 -> 0 | L86: kg
A87: PROFILRAMKI20-P | B87: Profil ramki | C87: =IF(OR(C56>1000,C57>1000),0.0001,E65) -> 3.4 | D87: mb | E87: ='Ceny składowe'!C34 -> 1.89 | F87: =C87*E87 -> 6.426 | J87: blacha 0,6 | K87: =IF(OR(C56>800,C58>=1000),0,M85) -> 0 | L87: kg | M87: =K87*E82 -> 0
A88: PROFILRAMKI30-P | B88: Profil ramki | C88: =IF(OR(C56>1000,C57>1000),E65,0.0001) -> 0.0001 | D88: mb | E88: ='Ceny składowe'!C36 -> 2.92 | F88: =C88*E88 -> 0.000292 | J88: blacha 0,8 | K88: =IF(OR(C56>800,C58>=1000),M85,0) -> 2.496 | L88: kg | M88: =K88*E81 -> 10.4832
A89: NAROŻNIK-K30 | B89: Narożniki | C89: =IF(OR(C56>1000,C57>1000),E66,0.0001) -> 0.0001 | D89: mb | E89: ='Ceny składowe'!C22 -> 0.75 | F89: =C89*E89 -> 7.5e-05
A90: SILIKON UNIWERSALNY STINGER | B90: Silikon | C90: 0.05 | D90: szt. | E90: ='Ceny składowe'!C78 -> 9.1 | F90: =C90*E90 -> 0.455 | K90: koszt materiału | M90: =M81+M82+M83+M87+M88 -> 24.2232
K91: Cena sprzedaży | M91: =M90*5 -> 121.116
E92: Koszt materiału | F92: =SUM(F81:F90) -> 92.580347 | K92: Narzut | M92: =(M91-M95)/M95 -> 2.1686515
E93: Cena sprzedaży | F93: =IF(AND(C57<=400,C56<400),F92*5.35,IF(AND(C57<=400,C56>=400),F92*4.5,IF(AND(C57<=600,C56<400),F92*5.33,IF(AND(C57<700,C56<400),F92*5.2,IF(AND(C57<=800,C56<400),F92*5.22,IF(AND(C57<=800,C56>=400),F92*4.43,IF(AND(C57<=1000,C56<400),F92*3.76,IF(AND(C57<=1000,C56>=400),F92*3.76,IF(AND(C57<=1200,C56<400),F92*3.24,IF(AND(C57<=1200,C56>=400),F92*3.24,IF(AND(C57<=1400,C56<400),F92*2.87,IF(AND(C57<=1400,C56>=400),F92*2.87,IF(AND(C57<=1800,C56<400),F92*3.21,IF(AND(C57<=1800,C56>=400),F92*3.21,IF(AND(C57>1800,C56<400),F92*2.88,IF(AND(C57>1800,C56>=400),F92*2.88)))))))))))))))) -> 493.45325
E94: Narzut | F94: =(F93-F97)/F97 -> 2.7445132 | I94: koszt pracy | J94: =IF(AND(C58<=1000,C60=100),20,IF(AND(C58<=1000,C60=150),30,IF(AND(C58<=1000,C60=200),25,IF(AND(C58<=2000,C60=100),30,IF(AND(C58<=2000,C60=150),40,IF(AND(C58<=2000,C60=200),35)))))) -> 20 | K94: min. | L94: ='Ceny składowe'!C94 -> 0.7 | M94: =J94*L94 -> 14
L95: materiał + praca | M95: =M90+M94 -> 38.2232
B96: koszt pracy | C96: =IF(AND(C58<=1000,C60=100),28,IF(AND(C58<=1000,C60=150),45,IF(AND(C58<=1000,C60=200),40,IF(AND(C58<=2000,C60=100),45,IF(AND(C58<=2000,C60=150),68,IF(AND(C58<=2000,C60=200),63)))))) -> 28 | D96: min. | E96: ='Ceny składowe'!C94 -> 0.7 | F96: =(C96*C61)*E96 -> 39.2
E97: materiał + praca | F97: =F92+F96 -> 131.78035

Sheet Tłumik okrągły
B6: fi | C6: ='Cennik Produkcja '!D68 -> 400 | D6: mm | J6: fi spiro | K6: fi tłumika | L6: koszt spiro
B7: L | C7: ='Cennik Produkcja '!E68 -> 1200 | D7: mm | H7: =IF($D$8=J7,1,0) -> 0 | I7: SPIRO200P40 | J7: 200 | K7: 100 | L7: ='Kalkulacje spiro'!S16 -> 34.814292
B8: fi zewnętrzne | C8: =C6+'Cennik Produkcja '!D66*2 -> 500 | D8: =IF(C8=180,200,IF(C8=200,200,IF(C8=225,250,IF(C8=240,250,IF(C8=260,315,IF(C8=300,315,IF(C8=325,355,IF(C8=350,355,IF(C8=395,400,IF(C8=360,400,IF(C8=400,400,IF(C8=415,450,IF(C8=425,450,IF(C8=450,450,IF(C8=455,450,IF(C8=460,500,IF(C8=500,500,IF(C8=515,560,IF(C8=550,560,IF(C8=555,560,IF(C8=600,630,IF(C8=615,630,IF(C8=620,630,IF(C8=650,710,IF(C8=655,710,IF(C8=700,710,IF(C8=730,800,IF(C8=750,800,IF(C8=800,800,IF(C8=810,900,IF(C8=830,900))))))))))))))))))))))))))))))) -> 500 | H8: =IF($D$8=J8,1,0) -> 0 | I8: SPIRO250P45 | J8: 250 | K8: 125 | L8: ='Kalkulacje spiro'!S18 -> 45.049576
B9: Powierzchnia nypli | C9: =(((3.14*C6))*65)*2/1000000 -> 0.16328 | D9: m2 | E9: =C9*4.8 -> 0.783744 | F9: kg | H9: =IF($D$8=J9,1,0) -> 0 | I9: SPIRO250P45 | J9: 250 | K9: 160 | L9: ='Kalkulacje spiro'!S18 -> 45.049576
B10: Powierzchnia dekli | C10: =((3.14*(((C6+('Cennik Produkcja '!D66*2))/2)^2))*2)/1000000 -> 0.3925 | D10: m2 | E10: =C10*6.4 -> 2.512 | F10: kg | H10: =IF($D$8=J10,1,0) -> 0 | I10: SPIRO315P45 | J10: 315 | K10: 200 | L10: ='Kalkulacje spiro'!S20 -> 56.122409
B11: Powierzchnia płaszcza | C11: =(((C6+(2*'Cennik Produkcja '!D66))*3.14)*('Cennik Produkcja '!E68+30)/1000000) -> 1.9311 | D11: m2 | E11: =C11*4.8 -> 9.26928 | F11: kg | H11: =IF($D$8=J11,1,0) -> 0 | I11: SPIRO355P50 | J11: 355 | K11: 250 | L11: ='Kalkulacje spiro'!S21 -> 72.646555
B12: Powierzchnia siatki | C12: =(((C6+10)*3.14)*C7)/1000000 -> 1.54488 | D12: m2 | H12: =IF($D$8=J12,1,0) -> 0 | I12: SPIRO400P50 | J12: 400 | K12: 315 | L12: ='Kalkulacje spiro'!S22 -> 81.863826
B13: Powierzchnia wełny | C13: =(((C6+'Cennik Produkcja '!D66*2)*3.14)*C7)/1000000 -> 1.884 | D13: m2 | H13: =IF($D$8=J13,1,0) -> 0 | I13: SPIRO450P50 | J13: 450 | K13: 355 | L13: ='Kalkulacje spiro'!S23 -> 92.10193
H14: =IF($D$8=J14,1,0) -> 1 | I14: SPIRO500P60 | J14: 500 | K14: 400 | L14: ='Kalkulacje spiro'!S24 -> 119.09455
B15: Grubość blachy | C15: 0.6 | D15: 0.8 | H15: =IF($DC$8=J15,1,0) -> 0 | I15: SPIRO560P60 | J15: 560 | K15: 450 | L15: ='Kalkulacje spiro'!S25 -> 133.39132
B16: Współczynnik | C16: 8 | H16: =IF(D$8=J16,1,0) -> 0 | I16: SPIRO630P60 | J16: 630 | K16: 500 | L16: ='Kalkulacje spiro'!S26 -> 150.0492
H17: =IF($D$8=J17,1,0) -> 0 | I17: SPIRO710P60 | J17: 710 | K17: 630 | L17: ='Kalkulacje spiro'!S27 -> 169.07048
B18: Gramatura blachy | C18: =(C9+C11)*C15*C16 -> 10.053024 | D18: kg | H18: =IF($D$8=J18,1,0) -> 0 | I18: SPIRO800P60 | J18: 800 | K18: 710 | L18: ='Kalkulacje spiro'!S28 -> 190.60184
B19: Gramatura | C19: =C18/1000 -> 0.010053024 | D19: T | H19: =IF($D$8=J19,1,0) -> 0 | I19: SPIRO900P70 | J19: 900 | K19: 800 | L19: ='Kalkulacje spiro'!S29 -> 280.95436
A24: KOD OPTIMA | B24: Zapotrzebowanie materiału | C24: ilość | E24: cena jedn. | F24: wartość | I24: KOD OPTIMA | J24: Zapotrzebowanie materiału | K24: ilość | M24: cena jedn. | N24: wartość
A25: BLACHA0,60X1500 | B25: Blacha 0,6 | C25: =E9+E11 -> 10.053024 | D25: kg | E25: ='Ceny składowe'!C6 -> 4.3 | F25: =E25*C25 -> 43.228003 | I25: =VLOOKUP(1,H7:I20,2,FALSE) -> SPIRO500P60 | J25: Spiro | K25: =C7/3000 -> 0.4 | L25: mm | M25: =VLOOKUP(1,H7:L19,5,FALSE) -> 119.09455 | N25: =K25*M25 -> 47.637821
A26: BLACHA0,80X1500 | B26: Blacha 0,8 | C26: =E10 -> 2.512 | D26: kg | E26: ='Ceny składowe'!C7 -> 4.2 | F26: =C26*E26 -> 10.5504 | I26: BLACHA0,60X1500 | J26: Blacha 0,6 | K26: =C9 -> 0.16328 | L26: kg | M26: ='Ceny składowe'!C6 -> 4.3 | N26: =K26*M26 -> 0.702104
A27: =VLOOKUP(1,A38:B40,2,FALSE) -> VENTILAM ALU 50MM | B27: Wełna | C27: =IF('Cennik Produkcja '!D66>100,C13*2.7,IF('Cennik Produkcja '!D66>50,C13*1.9,IF('Cennik Produkcja '!D66<=50,C13))) -> 1.884 | D27: m2 | E27: =IF(A36=C38,E38,IF(A36=C39,E39)) -> 21.56 | F27: =E27*C27 -> 40.61904 | I27: BLACHA0,80X1500 | J27: Blacha 0,8 | K27: =E10 -> 2.512 | L27: kg | M27: ='Ceny składowe'!C7 -> 4.2 | N27: =K27*M27 -> 10.5504
A28: =VLOOKUP(1,A44:B47,2,FALSE) -> BLACHAPERFOR RV 5-8/0,5 KRĄG 1250MM | B28: Siatka | C28: =C12 -> 1.54488 | D28: m2 | E28: =IF(A42=C44,E44,IF(A42=C45,E45,IF(A42=C46,E46))) -> 28.5 | F28: =E28*C28 -> 44.02908 | I28: =A27 -> VENTILAM ALU 50MM | J28: Wełna | K28: =C27 -> 1.884 | L28: m2 | M28: =E27 -> 21.56 | N28: =M28*K28 -> 40.61904
A29: FLIZELINA 100CM | B29: flizelina | C29: =C12+0.1 -> 1.64488 | D29: m2 | E29: ='Ceny składowe'!C70 -> 1.92 | F29: =C29*E29 -> 3.1581696 | I29: =A28 -> BLACHAPERFOR RV 5-8/0,5 KRĄG 1250MM | J29: Siatka | K29: =C28 -> 1.54488 | L29: m2 | M29: =E28 -> 28.5 | N29: =M29*K29 -> 44.02908
I30: FLIZELINA 100CM | J30: flizelina | K30: =C29 -> 1.64488 | L30: m2 | M30: ='Ceny składowe'!C70 -> 1.92 | N30: =K30*M30 -> 3.1581696
E31: Razem koszt | F31: =SUM(F25:F29)*1.05 -> 148.66393
E32: Cena sprzedaży | F32: =F31 * INDEX($H$41:$J$50, IFERROR(MATCH(C6-0.001, $G$41:$G$50, 1)+1, 1), IFERROR(MATCH(C7-0.001, $H$40:$J$40, 1)+1, 1)) -> 475.72457 | M32: Razem koszt | N32: =SUM(N25:N30)*1.05 -> 154.03145
E33: Narzut | F33: =(F32-M37)/M37 -> 0.87541277 | M33: Cena sprzedaży | N33: =F32 -> 475.72457
M34: Narzut | N34: =(N33-M38)/M38 -> 0.83655142
A35: ='Cennik Produkcja '!D66 -> 50
A36: =IF(A35=40,40,IF(A35=80,40,IF(A35=120,40,IF(A35=50,50,IF(A35=100,50,IF(A35=150,50)))))) -> 50 | I36: koszt pracy | J36: =IF(AND(C6<=315,C7<=500),30,IF(AND(C6>=400,C7>1000),150,IF(AND(C6<=315,C7>500),35,IF(AND(C6<=500,C6>315,C7<=500),40,IF(AND(C6<=500,C6>315,C7>500),47,IF(AND(C6>500,C7<=500),50,IF(AND(C6>=500,C7>500),60))))))) -> 150 | K36: min. | L36: ='Ceny składowe'!C94 -> 0.7 | M36: =J36*L36 -> 105
K37: materiał | L37: + praca | M37: =F31+M36 -> 253.66393
A38: =IF($A36=C38,1,0) -> 0 | B38: VENTILAM ALU 40MM | C38: 40 | E38: ='Ceny składowe'!C51 -> 18.1 | K38: materiał+praca | L38: na spiro | M38: =M36+N32 -> 259.03145
A39: =IF($A36=C39,1,0) -> 1 | B39: VENTILAM ALU 50MM | C39: 50 | E39: ='Ceny składowe'!C52 -> 21.56
G40: C6 (FI) \ C7 (L) | H40: 500 | I40: 1000 | J40: 1500
A41: ='Cennik Produkcja '!E68 -> 1200 | G41: 100 | H41: 4.9 | I41: 3.5 | J41: 3.6
A42: =IF(MIN(3.1416*C6, C7)<=1000, 1000, IF(MIN(3.1416*C6, C7)<=1250, 1250, 1500)) -> 1250 | G42: 125 | H42: 4.8 | I42: 3.4 | J42: 3.5
G43: 160 | H43: 4.5 | I43: 3.3 | J43: 3.4
A44: =IF($A42=C44,1,0) -> 0 | B44: BLACHAPERFOR RV 5-8/0,5 1000MM | C44: 1000 | E44: ='Ceny składowe'!C64 -> 28.5 | G44: 200 | H44: 4.4 | I44: 3.2 | J44: 3.3
A45: =IF($A42=C45,1,0) -> 1 | B45: BLACHAPERFOR RV 5-8/0,5 KRĄG 1250MM | C45: 1250 | E45: ='Ceny składowe'!C65 -> 28.5 | G45: 250 | H45: 4.4 | I45: 3.2 | J45: 3.3
A46: =IF($A42=C46,1,0) -> 0 | B46: BLACHAPERFOR RV 5-8/0,5 KRĄG | C46: 1500 | E46: ='Ceny składowe'!C66 -> 29 | G46: 315 | H46: 4.3 | I46: 3.1 | J46: 3.2
G47: 400 | H47: 4.3 | I47: 3.1 | J47: 3.2
G48: 500 | H48: 4.2 | I48: 3 | J48: 3.1
G49: 630 | H49: 4.1 | I49: 2.9 | J49: 3
G50: 800 | H50: 4 | I50: 2.8 | J50: 2.9
B56: Tłumik Aereco
B58: fi wewnętrzne | C58: ='Cennik Produkcja '!D437 -> 710 | D58: mm
B59: fi zewnętrzne | C59: ='Cennik Produkcja '!E437 -> 870 | D59: mm | F59: węższa wełna
B60: L- długość | C60: ='Cennik Produkcja '!D439 -> 1420 | D60: mm | E60: szersza wełna | F60: =IF(D61=30,0,IF(D61=40,0,IF(D61=70,20,IF(D61=80,0,IF(D61=100,0))))) -> 0
B61: grubość izolacji | C61: =(C59-C58)/2 -> 80 | D61: =FLOOR(C61,10) -> 80 | E61: =IF(D61=30,40,IF(D61=40,40,IF(D61=70,50,IF(D61=80,40,IF(D61=100,50))))) -> 40
F62: kg 0,6
B63: Powierzchnia płaszczy | C63: =((C59*3.14)*(C60+60))/1000000 -> 4.043064 | D63: m2 | E63: =C63*4.8 -> 19.406707 | F63: kg 0,8 | I63: Suma bez kulisy
B64: Powierzchnia dekli (2szt.) | C64: =((3.14*((C59+11)/2)^2)-(3.14*(C58/2)^2))*2/1000000 -> 0.42713577 | D64: m2 | E64: =C64*6.4 -> 2.7336689 | F64: kg 0,6 | I64: =E63+E65 -> 19.406707 | J64: kg 0,6
B65: Powierzchnia kolarów (2szt.) | C65: =IF(C75="NIE",((C58*3.14)*60)*2/1000000,IF(C75="TAK",((C58*3.14)*130)*2/1000000)) -> 0.267528 | D65: m2 | E65: =IF(C58<700,C65*4.8,0) -> 0 | F65: =C60 -> 1420 | I65: =E64+G66 -> 4.4458481 | J65: kg 0,8
B66: Powierzchnia siatki | C66: =((C58*3.14)*C60/1000000)*1.2 -> 3.7988976 | D66: m2 | E66: =C58*3.14 -> 2229.4 | G66: =IF(C58>=700,C65*6.4,0) -> 1.7121792 | H66: kg 0,8
B67: Powierzchnia wełny (szersza) od środka | C67: =IF(D61=30,(((C58+(2*E61))*3.14)*C60)/1000000,IF(D61=40,(((C58+(2*E61))*3.14)*C60)/1000000,IF(D61=70,(((C58+(2*E61))*3.14)*C60)/1000000,IF(D61=80,((((C58+(2*E61))*3.14)*C60)+(((C58+(2*D61))*3.14)*C60))/1000000,IF(D61=100,((((C58+(2*E61))*3.14)*C60)+(((C58+(2*D61))*3.14)*C60))/1000000))))) -> 7.401608 | D67: m2 | G67: wym. siatki
B68: Powierzchnia wełny (węższa) od zew. | C68: =IF(D61=30,0,IF(D61=40,0,IF(D61=70,(((C58+(2*D61))*3.14)*C60)/1000000,IF(D61=80,0,IF(D61=100,0))))) -> 0 | D68: m2 | E68: t.pitagorasa | F68: =C58^2 -> 504100
B69: Powierzchnia siatki kulisy | C69: =((((H70*J70)*2)+((I70*J70)*2))/1000000)*1.2 -> 2.5802966 | D69: m2 | E69: =200^2 -> 40000 | H69: wysokość kulisy | I69: szerokość kulisy | J69: długość kulisy
B70: Powierzchnia wełny kulisy | C70: =((H70*J70)*2)/1000000 -> 1.6622472 | D70: m2 | F70: kg 0,8 | G70: =F68-E69 -> 464100 | H70: =SQRT(G70) -> 681.24885 | I70: 200 | J70: =C60-200 -> 1220
B71: Powierzchnia owiewki (2szt.) | C71: =((((I70*314)/1.7)*H70)*2)/100000000 -> 0.50332268 | D71: m2 | E71: =C71*6.4 -> 3.2212652 | F71: kg 0,6
B72: Powierzchnia dekla kulisy (2szt.) | C72: =(((I70+40)*H70)*2)/1000000 -> 0.32699945 | D72: m2 | E72: =C72*4.8 -> 1.5695974 | F72: kg 0,6 | I72: Suma kulisy
B73: Powierzchnia mocowania kulisy (2szt.) | C73: =(((C60-2)*I70)*2)/1000000 -> 0.5672 | D73: m2 | E73: =C73*4.8 -> 2.72256 | I73: =E72+E73 -> 4.2921574 | J73: kg 0,6
B74: nitonakrętki | C74: ='Cennik Produkcja '!D441*2 -> 24 | D74: ='Cennik Produkcja '!E441 -> M10 | I74: =E71 -> 3.2212652 | J74: kg 0,8
B75: kulisa | C75: ='Cennik Produkcja '!E439 -> NIE
F79: wartość
A80: KOD OPTIMA | B80: Zapotrzebowanie materiału | C80: ilość | E80: cena jedn. | F80: =E81*C81 -> 83.448841
A81: BLACHA0,60X1500 | B81: Blacha 0,6 | C81: =IF(C75="NIE",I64,IF(C75="TAK",I64+I73)) -> 19.406707 | D81: kg | E81: ='Ceny składowe'!C6 -> 4.3 | F81: =E82*C82 -> 18.672562
A82: BLACHA0,80X1500 | B82: Blacha 0,8 | C82: =IF(C75="NIE",I65,IF(C75="TAK",I65+I74)) -> 4.4458481 | D82: kg | E82: ='Ceny składowe'!C7 -> 4.2 | F82: =E83*C83 -> 0.001154
A83: VENTILAM ALU 20MM | B83: Wełna | C83: =IF(F60=20,C68,0.0001) -> 0.0001 | D83: m2 | E83: ='Ceny składowe'!C49 -> 11.54 | F83: =E84*C84 -> 133.9691
A84: VENTILAM ALU 40MM | B84: Wełna | C84: =IF(E61=40,C67,0.0001) -> 7.401608 | D84: m2 | E84: ='Ceny składowe'!C51 -> 18.1 | F84: =E85*C85 -> 0.002156
A85: VENTILAM ALU 50MM | B85: Wełna | C85: =IF(E61=50,C67,0.0001) -> 0.0001 | D85: m2 | E85: ='Ceny składowe'!C52 -> 21.56 | F85: =E86*C86 -> 108.26858
A86: BLACHAPERFOR RV 5-8/0,5 1000MM | B86: Siatka | C86: =IF(C75="TAK",C66+C69,IF(C75="NIE",C66)) -> 3.7988976 | D86: m2 | E86: ='Ceny składowe'!C64 -> 28.5 | F86: =C87*E87 -> 1.9e-05
A87: NITONAKRĘTKA M8 | B87: nitonakrętka M8 | C87: =IF(D74="M8",C74,0.0001) -> 0.0001 | D87: szt. | E87: ='Ceny składowe'!C26 -> 0.19 | F87: =C88*E88 -> 7.2
A88: NITONAKRĘTKA M10 | B88: nitonakrętka M10 | C88: =IF(D74="M10",C74,0.0001) -> 24 | D88: szt. | E88: ='Ceny składowe'!C27 -> 0.3 | F88: =C89*E89 -> 6.2145562
A89: FLIZELINA 100CM | B89: flizelina | C89: =(((C58*3.14)+50)*C60)/1000000 -> 3.236748 | D89: m2 | E89: ='Ceny składowe'!C70 -> 1.92 | F89: =E90*C90 -> 0
A90: KNAUFBD060/100/2000/1200 | B90: Wełna do kulisy | C90: =IF(C75="TAK",C70,IF(C75="NIE",0)) -> 0 | D90: m2 | E90: ='Ceny składowe'!C62 -> 45.8 | F90: =E91*C91 -> 4.5186693
A91: ALUCYNK ECO CHEMICAL | B91: lakier | C91: =((C64/10)*(C60/100))/2 -> 0.3032664 | D91: szt. | E91: ='Ceny składowe'!C71 -> 14.9 | F91: =E92*C92 -> 0.678
A92: COROPLAST 75X100 LATO 930 | B92: taśma | C92: 0.02 | D92: szt. | E92: ='Ceny składowe'!C68 -> 33.9 | F92: =E93*C93 -> 0.091
A93: SILIKON UNIWERSALNY STINGER | B93: silikon | C93: =IF(C75="TAK",0.02,0.01) -> 0.01 | D93: szt. | E93: ='Ceny składowe'!C78 -> 9.1 | F93: =E94*C94 -> 3.2802
A94: DRUT DO ZGRZEWARKI LINIOWEJ | B94: drut | C94: =(C60*1/1000)*1.1 -> 1.562 | D94: mb. | E94: ='Ceny składowe'!C79 -> 2.1
F95: =SUM(F80:F93) -> 366.34484
E96: Koszt materiału | F96: =F95+E103 -> 446.84484
E97: Materiał + praca | F97: =(F95+E103)*(1+1.6) -> 1161.7966
E98: Cena sprzedaży | F98: =(F97-F96)/F96 -> 1.6
E99: Narzut
A101: koszt pracy tłumik | B101: =IF(AND(C58<=315,C60<=315,D61=70),60,IF(AND(C58=315,C60=630,D61=40),65,IF(AND(C58=315,C60=470,D61=70),65,IF(AND(C58=315,C60=630,D61=70),71,IF(AND(C58=355,C60=355,D61=70),71,IF(AND(C58=355,C60=525,D61=70),76,IF(AND(C58=355,C60=700,D61=70),79,IF(AND(C58=355,C60=710,D61=40),71,IF(AND(C58=400,C60=400,D61=70),80,IF(AND(C58=400,C60=600,D61=70),82,IF(AND(C58=400,C60=800,D61=70),83,IF(AND(C58=410,C60=800,D61=30),79,IF(AND(C58=450,C60=450,D61=80),71,IF(AND(C58=450,C60=675,D61=80),79,IF(AND(C58=450,C60=900,D61=80),82,IF(AND(C58=500,C60=500,D61=80),79,IF(AND(C58=500,C60=1000,D61=80),86,IF(AND(C58=500,C60=750,D61=80),86,IF(AND(C58=560,C60=560,D61=80),86,IF(AND(C58=560,C60=840,D61=80),86,IF(AND(C58=560,C60=1120,D61=80),93,IF(AND(C58=630,C60=1260,D61=80),100,IF(AND(C58=630,C60=630,D61=80),93,IF(AND(C58=630,C60=945,D61=80),93,IF(AND(C58=710,C60=1065,D61=80),107,IF(AND(C58=710,C60=1420,D61=80),115,IF(AND(C58=710,C60=710,D61=80),100,IF(AND(C58=800,C60=1200,D61=100),143,IF(AND(C58=800,C60=800,D61=100),115))))))))))))))))))))))))))))) -> 115 | C101: min. | D101: ='Ceny składowe'!C94 -> 0.7 | E101: =B101*D101 -> 80.5
A102: koszt pracy kulisa | B102: =IF(AND(C58<=315,C60<=470,D61=70),15,IF(AND(C58<=315,C60=630,D61=70),22,IF(AND(C58=355,C60=355,D61=70),15,IF(AND(C58=355,C60=525,D61=70),25,IF(AND(C58=355,C60=700,D61=70),29,IF(AND(C58=400,C60=400,D61=70),22,IF(AND(C58=400,C60=600,D61=70),29,IF(AND(C58=400,C60=800,D61=70),29,IF(AND(C58=450,C60=450,D61=80),29,IF(AND(C58=450,C60=675,D61=80),36,IF(AND(C58=450,C60=900,D61=80),36,IF(AND(C58=500,C60=500,D61=80),36,IF(AND(C58=500,C60=750,D61=80),36,IF(AND(C58=500,C60=1000,D61=80),43,IF(AND(C58=560,C60=560,D61=80),36,IF(AND(C58=560,C60=840,D61=80),43,IF(AND(C58=560,C60=1120,D61=80),50,IF(AND(C58=630,C60=1260,D61=80),72,IF(AND(C58=630,C60=630,D61=80),57,IF(AND(C58=630,C60=945,D61=80),72,IF(AND(C58=710,C60=1065,D61=80),86,IF(AND(C58=710,C60=1420,D61=80),86,IF(AND(C58=710,C60=710,D61=80),43,IF(AND(C58=800,C60=1200,D61=100),86,IF(AND(C58=800,C60=800,D61=100),72))))))))))))))))))))))))) -> 86 | D102: ='Ceny składowe'!C94 -> 0.7 | E102: =IF(C75="TAK",B102*D102,IF(C75="NIE",0)) -> 0
C103: materiał | D103: + praca | E103: =E101+E102 -> 80.5

Sheet Kalkulacje spiro
D2: Grubość stali | E2: Cena stali
D3: 0.4 | E3: 4.7 | G3: Koszt pracowników | H3: roczny | I3: ilość dni roboczych | J3: dzień | L3: Prąd maszyna 12kW/1kwh-1,1pln/6h | M3: Koszt leasing maszyny/dzień | O3: Udział kosztów pośrednich
D4: 0.45 | E4: 4.4 | G4: Operator | H4: 99050.19 | I4: 251 | J4: =H4/I4 -> 394.62227 | L4: 100 | M4: 0 | O4: Inne
D5: 0.5 | E5: 4.5 | G5: Kierowca/pomocnik | H5: 27564 | I5: 251 | J5: =H5/I5 -> 109.81673
D6: 0.6 | E6: 4.4
D7: 0.7 | E7: 5
D9: Standard | E9: 3mb | F9: Taśma 137
B10: Średnica rury [mm] | C10: Standardy Grubości | D10: Grubość blachy wpisana w kalkulatorze (mm) | E10: długość rury - teoretycznie bez zamków - 3mb rury z zamkami (mb) | F10: Powierzchnia (m2) | G10: waga m2 (kg) | H10: waga materiału na 3mb rury | I10: cena stali (kg) | J10: Koszt materiału (PLN) | K10: Założenie ilości wyprodukowanych rur dziennie (Szt) | L10: Koszt operatora dzienny (PLN) | M10: Koszt pomocnika, odbierającego dzienny (PLN) | N10: Koszt kierowcy 1 rurę (PLN) | O10: Koszt leasing spiro | P10: prąd maszyna na 1 rurę (PLN) | Q10: Koszty pozostałe miesięczne wypadkowe na 1 rurę (PLN) | R10: Suma kosztów dodatkowych bez materiału na jedną rurę (PLN) | S10: Koszt całkowity (PLN) | T10: Narzut (PLN) | U10: Narzut (PLN) | V10: Cena sprzedaży (PLN) | W10: Cena sprzedaży hurtowa (PLN)
B11: 80 | C11: 0.4 | D11: 0.4 | E11: 3.425 | F11: =(B11/1000)*3.14*3.425 -> 0.86036 | G11: =8*D11 -> 3.2 | H11: =G11*F11+0.01 -> 2.763152 | I11: =VLOOKUP(D11,$D$3:$E$7,2,0) -> 4.7 | J11: =I11*H11 -> 12.986814 | K11: 250 | L11: =$J$4 -> 394.62227 | M11: =J5 -> 109.81673 | O11: =$M$4/K11 -> 0 | P11: =$L$4/K11 -> 0.4 | R11: =((L11+M11)/K11)+N11+O11+P11+Q11 -> 2.417756 | S11: =R11+J11 -> 15.40457 | T11: =(V11-S11)/V11 -> 0.32731134 | U11: =V11-S11 -> 7.4954296 | V11: 22.9 | W11: 22.9
B12: 100 | C12: 0.4 | D12: 0.4 | E12: 3.425 | F12: =(B12/1000)*3.14*3.425 -> 1.07545 | G12: =8*D12 -> 3.2 | H12: =G12*F12+0.01 -> 3.45144 | I12: =VLOOKUP(D12,$D$3:$E$7,2,0) -> 4.7 | J12: =I12*H12 -> 16.221768 | K12: 250 | L12: =$J$4 -> 394.62227 | M12: =J5 -> 109.81673 | O12: =$M$4/K12 -> 0 | P12: =$L$4/K12 -> 0.4 | R12: =((L12+M12)/K12)+N12+O12+P12+Q12 -> 2.417756 | S12: =R12+J12 -> 18.639524 | T12: =(V12-S12)/V12 -> 0.075878829 | U12: =V12-S12 -> 1.530476 | V12: 20.17 | W12: 26.6
B13: 125 | C13: 0.4 | D13: 0.4 | E13: 3.425 | F13: =(B13/1000)*3.14*3.425 -> 1.3443125 | G13: =8*D13 -> 3.2 | H13: =G13*F13+0.01 -> 4.3118 | I13: =VLOOKUP(D13,$D$3:$E$7,2,0) -> 4.7 | J13: =I13*H13 -> 20.26546 | K13: 250 | L13: =$J$4 -> 394.62227 | M13: =J5 -> 109.81673 | O13: =$M$4/K13 -> 0 | P13: =$L$4/K13 -> 0.4 | R13: =((L13+M13)/K13)+N13+O13+P13+Q13 -> 2.417756 | S13: =R13+J13 -> 22.683216 | T13: =(V13-S13)/V13 -> 0.079788397 | U13: =V13-S13 -> 1.966784 | V13: 24.65 | W13: 33.89
B14: 160 | C14: 0.4 | D14: 0.4 | E14: 3.425 | F14: =(B14/1000)*3.14*3.425 -> 1.72072 | G14: =8*D14 -> 3.2 | H14: =G14*F14+0.01 -> 5.516304 | I14: =VLOOKUP(D14,$D$3:$E$7,2,0) -> 4.7 | J14: =I14*H14 -> 25.926629 | K14: 250 | L14: =$J$4 -> 394.62227 | M14: =J5 -> 109.81673 | O14: =$M$4/K14 -> 0 | P14: =$L$4/K14 -> 0.4 | R14: =((L14+M14)/K14)+N14+O14+P14+Q14 -> 2.417756 | S14: =R14+J14 -> 28.344385 | T14: =(V14-S14)/V14 -> 0.089190719 | U14: =V14-S14 -> 2.7756152 | V14: 31.12 | W14: 43.64
B15: 180 | C15: 0.4 | D15: 0.4 | E15: 3.425 | F15: =(B15/1000)*3.14*3.425 -> 1.93581 | G15: =8*D15 -> 3.2 | H15: =G15*F15+0.01 -> 6.204592 | I15: =VLOOKUP(D15,$D$3:$E$7,2,0) -> 4.7 | J15: =I15*H15 -> 29.161582 | K15: 250 | L15: =$J$4 -> 394.62227 | M15: =J5 -> 109.81673 | O15: =$M$4/K15 -> 0 | P15: =$L$4/K15 -> 0.4 | R15: =((L15+M15)/K15)+N15+O15+P15+Q15 -> 2.417756 | S15: =R15+J15 -> 31.579338 | T15: =(V15-S15)/V15 -> 0.35983502 | U15: =V15-S15 -> 17.750662 | V15: 49.33 | W15: 49.33
B16: 200 | C16: 0.4 | D16: 0.4 | E16: 3.425 | F16: =(B16/1000)*3.14*3.425 -> 2.1509 | G16: =8*D16 -> 3.2 | H16: =G16*F16+0.01 -> 6.89288 | I16: =VLOOKUP(D16,$D$3:$E$7,2,0) -> 4.7 | J16: =I16*H16 -> 32.396536 | K16: 250 | L16: =$J$4 -> 394.62227 | M16: =J5 -> 109.81673 | O16: =$M$4/K16 -> 0 | P16: =$L$4/K16 -> 0.4 | R16: =((L16+M16)/K16)+N16+O16+P16+Q16 -> 2.417756 | S16: =R16+J16 -> 34.814292 | T16: =(V16-S16)/V16 -> 0.088869615 | U16: =V16-S16 -> 3.395708 | V16: 38.21 | W16: 54.8
B17: 225 | C17: 0.45 | D17: 0.45 | E17: 3.425 | F17: =(B17/1000)*3.14*3.425 -> 2.4197625 | G17: =8*D17 -> 3.6 | H17: =G17*F17+0.01 -> 8.721145 | I17: =VLOOKUP(D17,$D$3:$E$7,2,0) -> 4.4 | J17: =I17*H17 -> 38.373038 | K17: 250 | L17: =$J$4 -> 394.62227 | M17: =J5 -> 109.81673 | O17: =$M$4/K17 -> 0 | P17: =$L$4/K17 -> 0.4 | R17: =((L17+M17)/K17)+N17+O17+P17+Q17 -> 2.417756 | S17: =R17+J17 -> 40.790794 | T17: =(V17-S17)/V17 -> 0.26103634 | U17: =V17-S17 -> 14.409206 | V17: 55.2 | W17: 67.09
B18: 250 | C18: 0.45 | D18: 0.45 | E18: 3.425 | F18: =(B18/1000)*3.14*3.425 -> 2.688625 | G18: =8*D18 -> 3.6 | H18: =G18*F18+0.01 -> 9.68905 | I18: =VLOOKUP(D18,$D$3:$E$7,2,0) -> 4.4 | J18: =I18*H18 -> 42.63182 | K18: 250 | L18: =$J$4 -> 394.62227 | M18: =J5 -> 109.81673 | O18: =$M$4/K18 -> 0 | P18: =$L$4/K18 -> 0.4 | R18: =((L18+M18)/K18)+N18+O18+P18+Q18 -> 2.417756 | S18: =R18+J18 -> 45.049576 | T18: =(V18-S18)/V18 -> 0.18388449 | U18: =V18-S18 -> 10.150424 | V18: 55.2 | W18: 68.83
B19: 280 | C19: 0.45 | D19: 0.45 | E19: 3.425 | F19: =(B19/1000)*3.14*3.425 -> 3.01126 | G19: =8*D19 -> 3.6 | H19: =G19*F19+0.01 -> 10.850536 | I19: =VLOOKUP(D19,$D$3:$E$7,2,0) -> 4.4 | J19: =I19*H19 -> 47.742358 | K19: 250 | L19: =$J$4 -> 394.62227 | M19: =J5 -> 109.81673 | O19: =$M$4/K19 -> 0 | P19: =$L$4/K19 -> 0.4 | R19: =((L19+M19)/K19)+N19+O19+P19+Q19 -> 2.417756 | S19: =R19+J19 -> 50.160114 | T19: =(V19-S19)/V19 -> 0.49333218 | U19: =V19-S19 -> 48.839886 | V19: 99 | W19: 83.06
B20: 315 | C20: 0.45 | D20: 0.45 | E20: 3.425 | F20: =(B20/1000)*3.14*3.425 -> 3.3876675 | G20: =8*D20 -> 3.6 | H20: =G20*F20+0.01 -> 12.205603 | I20: =VLOOKUP(D20,$D$3:$E$7,2,0) -> 4.4 | J20: =I20*H20 -> 53.704653 | K20: 250 | L20: =$J$4 -> 394.62227 | M20: =J5 -> 109.81673 | O20: =$M$4/K20 -> 0 | P20: =$L$4/K20 -> 0.4 | R20: =((L20+M20)/K20)+N20+O20+P20+Q20 -> 2.417756 | S20: =R20+J20 -> 56.122409 | T20: =(V20-S20)/V20 -> 0.17817529 | U20: =V20-S20 -> 12.167591 | V20: 68.29 | W20: 95.8
B21: 355 | C21: 0.5 | D21: 0.5 | E21: 3.425 | F21: =(B21/1000)*3.14*3.425 -> 3.8178475 | G21: =8*D21 -> 4 | H21: =G21*F21+0.01 -> 15.28139 | I21: =VLOOKUP(D21,$D$3:$E$7,2,0) -> 4.5 | J21: =I21*H21 -> 68.766255 | K21: 130 | L21: =$J$4 -> 394.62227 | M21: =J5 -> 109.81673 | O21: =$M$4/K21 -> 0 | P21: =$L$4/K21 -> 0.76923077 | R21: =((Q21/21)+O21+M21+L21)/K21 -> 3.8803 | S21: =R21+J21 -> 72.646555 | T21: =(V21-S21)/V21 -> 0.26701085 | U21: =V21-S21 -> 26.463445 | V21: 99.11 | W21: 112.84
B22: 400 | C22: 0.5 | D22: 0.5 | E22: 3.425 | F22: =(B22/1000)*3.14*3.425 -> 4.3018 | G22: =8*D22 -> 4 | H22: =G22*F22+0.01 -> 17.2172 | I22: =VLOOKUP(D22,$D$3:$E$7,2,0) -> 4.5 | J22: =I22*H22 -> 77.4774 | K22: 115 | L22: =$J$4 -> 394.62227 | M22: =J5 -> 109.81673 | O22: =$M$4/K22 -> 0 | P22: =$L$4/K22 -> 0.86956522 | R22: =((Q22/21)+O22+M22+L22)/K22 -> 4.3864261 | S22: =R22+J22 -> 81.863826 | T22: =(V22-S22)/V22 -> 0.34971939 | U22: =V22-S22 -> 44.026174 | V22: 125.89 | W22: 125.12
B23: 450 | C23: 0.5 | D23: 0.5 | E23: 3.425 | F23: =(B23/1000)*3.14*3.425 -> 4.839525 | G23: =8*D23 -> 4 | H23: =G23*F23+0.01 -> 19.3681 | I23: =VLOOKUP(D23,$D$3:$E$7,2,0) -> 4.5 | J23: =I23*H23 -> 87.15645 | K23: 102 | L23: =$J$4 -> 394.62227 | M23: =J5 -> 109.81673 | O23: =$M$4/K23 -> 0 | P23: =$L$4/K23 -> 0.98039216 | R23: =((Q23/21)+O23+M23+L23)/K23 -> 4.9454804 | S23: =R23+J23 -> 92.10193 | T23: =(V23-S23)/V23 -> 0.36808281 | U23: =V23-S23 -> 53.64807 | V23: 145.75 | W23: 140.77
B24: 500 | C24: 0.6 | D24: 0.6 | E24: 3.425 | F24: =(B24/1000)*3.14*3.425 -> 5.37725 | G24: =8*D24 -> 4.8 | H24: =G24*F24+0.01 -> 25.8208 | I24: =VLOOKUP(D24,$D$3:$E$7,2,0) -> 4.4 | J24: =I24*H24 -> 113.61152 | K24: 92 | L24: =$J$4 -> 394.62227 | M24: =J5 -> 109.81673 | O24: =$M$4/K24 -> 0 | P24: =$L$4/K24 -> 1.0869565 | R24: =((Q24/21)+O24+M24+L24)/K24 -> 5.4830327 | S24: =R24+J24 -> 119.09455 | T24: =(V24-S24)/V24 -> 0.3389512 | U24: =V24-S24 -> 61.065447 | V24: 180.16 | W24: 164.68
B25: 560 | C25: 0.6 | D25: 0.6 | E25: 3.425 | F25: =(B25/1000)*3.14*3.425 -> 6.02252 | G25: =8*D25 -> 4.8 | H25: =G25*F25+0.01 -> 28.918096 | I25: =VLOOKUP(D25,$D$3:$E$7,2,0) -> 4.4 | J25: =I25*H25 -> 127.23962 | K25: 82 | L25: =$J$4 -> 394.62227 | M25: =J5 -> 109.81673 | O25: =$M$4/K25 -> 0 | P25: =$L$4/K25 -> 1.2195122 | R25: =((Q25/21)+O25+M25+L25)/K25 -> 6.1516952 | S25: =R25+J25 -> 133.39132 | T25: =(V25-S25)/V25 -> 0.31594196 | U25: =V25-S25 -> 61.608682 | V25: 195 | W25: 190.56
B26: 630 | C26: 0.6 | D26: 0.6 | E26: 3.425 | F26: =(B26/1000)*3.14*3.425 -> 6.775335 | G26: =8*D26 -> 4.8 | H26: =G26*F26+0.01 -> 32.531608 | I26: =VLOOKUP(D26,$D$3:$E$7,2,0) -> 4.4 | J26: =I26*H26 -> 143.13908 | K26: 73 | L26: =$J$4 -> 394.62227 | M26: =J5 -> 109.81673 | O26: =$M$4/K26 -> 0 | P26: =$L$4/K26 -> 1.369863 | R26: =((Q26/21)+O26+M26+L26)/K26 -> 6.9101233 | S26: =R26+J26 -> 150.0492 | T26: =(V26-S26)/V26 -> 0.31170092 | U26: =V26-S26 -> 67.950801 | V26: 218 | W26: 214.37
B27: 710 | C27: 0.6 | D27: 0.6 | E27: 3.425 | F27: =(B27/1000)*3.14*3.425 -> 7.635695 | G27: =8*D27 -> 4.8 | H27: =G27*F27+0.01 -> 36.661336 | I27: =VLOOKUP(D27,$D$3:$E$7,2,0) -> 4.4 | J27: =I27*H27 -> 161.30988 | K27: 65 | L27: =$J$4 -> 394.62227 | M27: =J5 -> 109.81673 | O27: =$M$4/K27 -> 0 | P27: =$L$4/K27 -> 1.5384615 | R27: =((Q27/21)+O27+M27+L27)/K27 -> 7.7606001 | S27: =R27+J27 -> 169.07048 | T27: =(V27-S27)/V27 -> 0.34590499 | U27: =V27-S27 -> 89.409522 | V27: 258.48 | W27: 241.57
B28: 800 | C28: 0.7 | D28: 0.6 | E28: 3.425 | F28: =(B28/1000)*3.14*3.425 -> 8.6036 | G28: =8*D28 -> 4.8 | H28: =G28*F28+0.01 -> 41.30728 | I28: =VLOOKUP(D28,$D$3:$E$7,2,0) -> 4.4 | J28: =I28*H28 -> 181.75203 | K28: 57 | L28: =$J$4 -> 394.62227 | M28: =J5 -> 109.81673 | O28: =$M$4/K28 -> 0 | P28: =$L$4/K28 -> 1.754386 | R28: =((Q28/21)+O28+M28+L28)/K28 -> 8.8498071 | S28: =R28+J28 -> 190.60184 | T28: =(V28-S28)/V28 -> 0.34525836 | U28: =V28-S28 -> 100.50816 | V28: 291.11 | W28: 272.07
B29: 900 | C29: 0.7 | D29: 0.7 | E29: 3.425 | F29: =(B29/1000)*3.14*3.425 -> 9.67905 | G29: =8*D29 -> 5.6 | H29: =G29*F29+0.01 -> 54.21268 | I29: =VLOOKUP(D29,$D$3:$E$7,2,0) -> 5 | J29: =I29*H29 -> 271.0634 | K29: 51 | L29: =$J$4 -> 394.62227 | M29: =J5 -> 109.81673 | O29: =$M$4/K29 -> 0 | P29: =$L$4/K29 -> 1.9607843 | R29: =((Q29/21)+O29+M29+L29)/K29 -> 9.8909609 | S29: =R29+J29 -> 280.95436 | T29: =(V29-S29)/V29 -> 0.4282573 | U29: =V29-S29 -> 210.44564 | V29: 491.4 | W29: 459.25
B30: 1000 | C30: 0.7 | D30: 0.7 | E30: 3.425 | F30: =(B30/1000)*3.14*3.425 -> 10.7545 | G30: =8*D30 -> 5.6 | H30: =G30*F30+0.01 -> 60.2352 | I30: =VLOOKUP(D30,$D$3:$E$7,2,0) -> 5 | J30: =I30*H30 -> 301.176 | K30: 46 | L30: =$J$4 -> 394.62227 | M30: =J5 -> 109.81673 | O30: =$M$4/K30 -> 0 | P30: =$L$4/K30 -> 2.173913 | R30: =((Q30/21)+O30+M30+L30)/K30 -> 10.966065 | S30: =R30+J30 -> 312.14207 | T30: =(V30-S30)/V30 -> 0.42858334 | U30: =V30-S30 -> 234.11793 | V30: 546.26 | W30: 510.52
B34: Taśma 137 mm
B35: Zapotrzebowanie na zamki 17mm
B36: Skok zamka 120mm
B37: Ilość zamków 25 szt/3mb rury

Sheet Czerpnia dachowa lamelowa
B2: Czerpnia dachowa lamelowa N.L
C3: A | D3: ='Cennik Produkcja '!D21 -> 550 | E3: mm
C4: B | D4: ='Cennik Produkcja '!E21 -> 550 | E4: mm
C5: C | D5: =D3+125 -> 675 | E5: mm
C6: D | D6: =D4+125 -> 675 | E6: mm
C7: H | D7: ='Cennik Produkcja '!E23 -> 800 | E7: mm
C8: E | D8: ='Cennik Produkcja '!D23 -> 500 | E8: mm
B12: Podstawa 0,6 | C12: =((((D7-D8+50)*D3)*2)+(((D7-D8+50)*D4)*2))*4.8/1000000 -> 3.696 | D12: kg - | E12: =IF(OR(D3>1000,D4>1000),0.0001,C12) -> 3.696 | F12: kg
B13: Podstawa 0,8 | C13: =((((D7-D8+50)*D3)*2)+(((D7-D8+50)*D4)*2))*6.4/1000000 -> 4.928 | D13: kg - | E13: =IF(OR(D3>1000,D4>1000),C13,0.0001) -> 0.0001 | F13: kg
B14: Daszek 0,8 | C14: =(D5+15)*(D6+15)*6.4/1000000 -> 3.04704 | D14: kg
B15: Narożniki wewnętrzne 0,8 | C15: =((D8*0.12)*4)*6.4/1000 -> 1.536 | D15: kg
B16: Narożniki zewnętrzny 0,8 | C16: =((D8*0.15)*4)*6.4/1000 -> 1.92 | D16: kg
B17: Profili S bok A 0,6 | C17: =((D3*0.092)*2)*4.8/1000 -> 0.48576 | D17: kg
B18: Profili S bok B 0,6 | C18: =((D4*0.092)*2)*4.8/1000 -> 0.48576 | D18: kg
B19: Wzmocnienia bok A 0,8 | C19: =((D3*0.1)*2)*6.4/1000 -> 0.704 | D19: kg
B20: Wzmocnienia bok B 0,8 | C20: =((D4*0.1)*2)*6.4/1000 -> 0.704 | D20: kg
B21: Ramka | C21: =(D3+D4+D3+D4)/1000 -> 2.2 | D21: mb
B22: Narożnik | C22: 4 | D22: szt.
B23: Profił Łopatki Czerpni | C23: =(((((D8/0.7)*D3)*2))+(((D8/0.7)*D4)*2))/100000 -> 15.714286 | D23: mb
B24: Siatka | C24: =(((D8*D3)*2)+((D8*D4)*2))/1000000 -> 1.1 | D24: m2
A26: KOD OPTIMA | B26: Zapotrzebowanie materiału | C26: ilość | E26: cena | F26: wartość | K26: marża | L26: Cena | M26: A | N26: B
A27: BLACHA0,60X1500 | B27: Blacha 0,6 | C27: =E12+C17+C18 -> 4.66752 | D27: kg | E27: ='Ceny składowe'!C6 -> 4.3 | F27: =E27*C27 -> 20.070336 | K27: 2.5 | L27: =ROUND(F41*(1+K27),2) -> 1101.5 | M27: =IF(D3<=250,L27,0) -> 0 | N27: =IF(D4<=250,L27,0) -> 0
A28: BLACHA0,80X1500 | B28: Blacha 0,8 | C28: =E13+C14+C15+C16+C19+C20 -> 7.91114 | D28: kg | E28: ='Ceny składowe'!C7 -> 4.2 | F28: =E28*C28 -> 33.226788 | K28: 2.2 | L28: =ROUND(F41*(1+K28),2) -> 1007.09 | M28: =IF(AND(D3<=300,D3>250),L28,0) -> 0 | N28: =IF(AND(D4<=300,D4>250),L28,0) -> 0
A29: PROFILCZERP | B29: Profił Łopatki Czerpni | C29: =C23*1.1 -> 17.285714 | D29: mb | E29: ='Ceny składowe'!C33 -> 7.29 | F29: =E29*C29 -> 126.01286 | K29: 1.9 | L29: =ROUND(F41*(1+K29),2) -> 912.67 | M29: =IF(AND(D3<=400,D3>300),L29,0) -> 0 | N29: =IF(AND(D4<=400,D4>300),L29,0) -> 0
A30: SIATKACASANET19X19 | B30: Siatka | C30: =C24*1.1 -> 1.21 | D30: mb | E30: ='Ceny składowe'!C42 -> 17.2 | F30: =E30*C30 -> 20.812 | K30: 1.68 | L30: =ROUND(F41*(1+K30),2) -> 843.44 | M30: =IF(AND(D3<=500,D3>400),L30,0) -> 0 | N30: =IF(AND(D4<=500,D4>400),L30,0) -> 0
A31: NAROŻNIK-K20 | B31: Narożniki | C31: =IF(OR(D3>1000,D4>1000),0.0001,4) -> 4 | D31: szt. | E31: ='Ceny składowe'!C20 -> 0.27 | F31: =E31*C31 -> 1.08 | K31: 1.48 | L31: =ROUND(F41*(1+K31),2) -> 780.49 | M31: =IF(AND(D3<=600,D3>500),L31,0) -> 780.49 | N31: =IF(AND(D4<=600,D4>500),L31,0) -> 780.49
A32: PROFILRAMKI20-P | B32: Profil ramki | C32: =IF(OR(D3>1000,D4>1000),0.0001,C21) -> 2.2 | D32: mb | E32: ='Ceny składowe'!C34 -> 1.89 | F32: =E32*C32 -> 4.158 | K32: 1.33 | L32: =ROUND(F41*(1+K32),2) -> 733.29 | M32: =IF(AND(D3<=700,D3>600),L32,0) -> 0 | N32: =IF(AND(D4<=700,D4>600),L32,0) -> 0
A33: PROFILRAMKI30-P | B33: Profil ramki | C33: =IF(OR(D3>1000,D4>1000),C21,0.0001) -> 0.0001 | D33: mb | E33: ='Ceny składowe'!C36 -> 2.92 | F33: =E33*C33 -> 0.000292 | K33: 1.25 | L33: =ROUND(F41*(1+K33),2) -> 708.11 | M33: =IF(AND(D3<=800,D3>700),L33,0) -> 0 | N33: =IF(AND(D4<=800,D4>700),L33,0) -> 0
A34: NAROŻNIK-K30 | B34: Narożniki | C34: =IF(OR(D3>1000,D4>1000),4,0.0001) -> 0.0001 | D34: szt. | E34: ='Ceny składowe'!C22 -> 0.75 | F34: =E34*C34 -> 7.5e-05 | K34: 1.02 | L34: =ROUND(F41*(1+K34),2) -> 635.72 | M34: =IF(AND(D3<=900,D3>800),L34,0) -> 0 | N34: =IF(AND(D4<=900,D4>800),L34,0) -> 0
A35: WKRĘT IMBUS 4,2X19 | B35: Wkręt | C35: =((D8/7)*4)*4/10000 -> 0.11428571 | D35: op. | E35: ='Ceny składowe'!C63 -> 38.1 | F35: =E35*C35 -> 4.3542857 | K35: 1.07 | L35: =ROUND(F41*(1+K35),2) -> 651.46 | M35: =IF(AND(D3<=1000,D3>900),L35,0) -> 0 | N35: =IF(AND(D4<=1000,D4>900),L35,0) -> 0
K36: 0.88 | L36: =ROUND(F41*(1+K36),2) -> 591.66 | M36: =IF(AND(D3<=1100,D3>1000),L36,0) -> 0 | N36: =IF(AND(D4<=1100,D4>1000),L36,0) -> 0
E37: Razem | F37: =SUM(F27:F35) -> 209.71463 | K37: 0.84 | L37: =ROUND(F41*(1+K37),2) -> 579.07 | M37: =IF(AND(D3<=1200,D3>1100),L37,0) -> 0 | N37: =IF(AND(D4<=1200,D4>1100),L37,0) -> 0
E38: Cena Sprz. | F38: =N45*(1-10%) -> 702.441 | K38: 0.82 | L38: =ROUND(F41*(1+K38),2) -> 572.78 | M38: =IF(AND(D3<=1300,D3>1200),L38,0) -> 0 | N38: =IF(AND(D4<=1300,D4>1200),L38,0) -> 0
K39: 0.79 | L39: =ROUND(F41*(1+K39),2) -> 563.34 | M39: =IF(AND(D3<=1400,D3>1300),L39,0) -> 0 | N39: =IF(AND(D4<=1400,D4>1300),L39,0) -> 0
B40: koszt pracy | C40: =IF(AND(D3<=300,D4>=100),90,IF(AND(D3<=500,D4>=300),120,IF(AND(D3<=500,D4<300),105,IF(AND(D3<=700,D4>=500),150,IF(AND(D3<=700,D4<500),135,IF(AND(D3<=900,D4>=700),180,IF(AND(D3<=900,D4<700),165,IF(AND(D3<=1100,D4>=900),210,IF(AND(D3<=1100,D4<900),195,IF(AND(D3<=1300,D4>=1100),240,IF(AND(D3<=1300,D4<1100),225,IF(AND(D3<=1500,D4>=1300),270,IF(AND(D3<=1500,D4<1300),255,IF(AND(D3<=1700,D4>=1500),300,IF(AND(D3<=1700,D4<1500),285,IF(AND(D3<=1900,D4>=1700),330,IF(AND(D3<=1900,D4<1700),315,IF(AND(D3<=2100,D4>=1900),360,IF(AND(D3<=2100,D4<1900),345,IF(AND(D3<=2300,D4>=2100),390,IF(AND(D3<=2300,D4<2100),375,IF(AND(D3<=2500,D4>=2300),420,IF(AND(D3<=2500,D4<2300),405,IF(AND(D3<=2700,D4>=2500),450,IF(AND(D3<=2700,D4<2500),435,IF(AND(D3<=2900,D4>=2700),480,IF(AND(D3<=2900,D4<2700),465,IF(AND(D3<=3100,D4>=2900),510,IF(AND(D3<=3100,D4<2900),495,IF(AND(D3<=3300,D4>=3100),540,IF(AND(D3<=3300,D4<3100),525,IF(AND(D3<=3500,D4>=3300),570,IF(AND(D3<=3500,D4<3300),555,IF(AND(D3<=3700,D4>=3500),600,IF(AND(D3<=3700,D4<3500),585))))))))))))))))))))))))))))))))))) -> 150 | D40: min. | E40: ='Ceny składowe'!C94 -> 0.7 | F40: =C40*E40 -> 105 | K40: 0.76 | L40: =ROUND(F41*(1+K40),2) -> 553.9 | M40: =IF(AND(D3<=1500,D3>1400),L40,0) -> 0 | N40: =IF(AND(D4<=1500,D4>1400),L40,0) -> 0
D41: materiał | E41: + praca | F41: =F37+F40 -> 314.71463 | K41: 0.74 | L41: =ROUND(F41*(1+K41),2) -> 547.6 | M41: =IF(D3>1500,L41,0) -> 0 | N41: =IF(D4>1500,M41,0) -> 0
E43: Narzut | F43: =(F38-F41)/F41 -> 1.2319934 | M43: =SUM(M27:M41) -> 780.49 | N43: =SUM(N27:N41) -> 780.49
N44: średnia
N45: =AVERAGE(M43,N43) -> 780.49
B49: Czerpnia dachowa lamelowa (ALNOR) | Q49: Czerpnia dachowa lamelowa (SMAY)
C50: A | D50: ='Cennik Produkcja '!D28 -> 500 | E50: mm | R50: A | S50: ='Cennik Produkcja '!D35 -> 500 | T50: mm
C51: B | D51: ='Cennik Produkcja '!E28 -> 500 | E51: mm | R51: B | S51: ='Cennik Produkcja '!E35 -> 500 | T51: mm
C52: C | D52: =D50+125 -> 625 | E52: mm | R52: C | S52: =S50+125 -> 625 | T52: mm
C53: D | D53: =D51+125 -> 625 | E53: mm | R53: D | S53: =S51+125 -> 625 | T53: mm
C54: h | D54: ='Cennik Produkcja '!D30 -> 300 | E54: mm | G54: ilość lameli | R54: h | S54: ='Cennik Produkcja '!D37 -> 300 | T54: mm | V54: ilość lameli
A55: =IF(AND(D50<D51,D51>D50),D50,D51) -> 500 | B55: =A55/70 -> 7.1428571 | C55: e | D55: =((ROUND(B55,0.1))*70) -> 490 | E55: mm | F55: =IF(A55<=300,D55+70,IF(A55<=1000,D55,IF(A55>1000,D55-70,IF(A55>=400,D55)))) -> 490 | G55: =F55/70 -> 7 | Q55: =S50*S51/1000000 -> 0.25 | R55: e | S55: =U55 -> 350 | T55: mm | U55: =V55*70 -> 350 | V55: =IF(Q55<0.099,3,IF(Q55<0.25,4,IF(Q55<0.33,5,IF(Q55<0.45,6,IF(Q55<0.599,7,IF(Q55<0.799,8,IF(Q55<=1,9,IF(Q55<1.199,10,IF(Q55<1.399,11,IF(Q55<1.599,12,IF(Q55<1.799,13,IF(Q55<1.999,14,IF(Q55<2.3,15,IF(Q55<2.6,16,IF(Q55<3.2,17))))))))))))))) -> 5
C56: H | D56: =D54+F55 -> 790 | E56: mm | R56: H | S56: =S54+U55 -> 650 | T56: mm
B59: Podstawa 0,6 | C59: =((((D56-F55+50)*D50)*2)+(((D56-F55+50)*D51)*2))*4.8/1000000 -> 3.36 | D59: kg - | E59: =IF(OR(D50>1000,D51>1000),0.0001,C59) -> 3.36 | F59: kg | Q59: Podstawa 0,6 | R59: =((((S56-U55+50)*S50)*2)+(((S56-U55+50)*S51)*2))*4.8/1000000 -> 3.36 | S59: kg - | T59: =IF(OR(S50>1000,S51>1000),0.0001,R59) -> 3.36 | U59: kg
B60: Podstawa 0,8 | C60: =((((D56-F55+50)*D50)*2)+(((D56-F55+50)*D51)*2))*6.4/1000000 -> 4.48 | D60: kg - | E60: =IF(OR(D50>1000,D51>1000),C60,0.0001) -> 0.0001 | F60: kg | Q60: Podstawa 0,8 | R60: =((((S56-U55+50)*S50)*2)+(((S56-U55+50)*S51)*2))*6.4/1000000 -> 4.48 | S60: kg - | T60: =IF(OR(S50>1000,S51>1000),R60,0.0001) -> 0.0001 | U60: kg
B61: Daszek 0,8 | C61: =(D52+15)*(D53+15)*6.4/1000000 -> 2.62144 | D61: kg | Q61: Daszek 0,8 | R61: =(S52+15)*(S53+15)*6.4/1000000 -> 2.62144 | S61: kg
B62: Narożniki wewnętrzne 0,8 | C62: =((F55*0.12)*4)*6.4/1000 -> 1.50528 | D62: kg | Q62: Narożniki wewnętrzne 0,8 | R62: =((U55*0.12)*4)*6.4/1000 -> 1.0752 | S62: kg
B63: Narożniki zewnętrzny 0,8 | C63: =((F55*0.15)*4)*6.4/1000 -> 1.8816 | D63: kg | Q63: Narożniki zewnętrzny 0,8 | R63: =((U55*0.15)*4)*6.4/1000 -> 1.344 | S63: kg
B64: Profili S bok A 0,6 | C64: =((D50*0.092)*2)*4.8/1000 -> 0.4416 | D64: kg | Q64: Profili S bok A 0,6 | R64: =((S50*0.092)*2)*4.8/1000 -> 0.4416 | S64: kg
B65: Profili S bok B 0,6 | C65: =((D51*0.092)*2)*4.8/1000 -> 0.4416 | D65: kg | Q65: Profili S bok B 0,6 | R65: =((S51*0.092)*2)*4.8/1000 -> 0.4416 | S65: kg
B66: Wzmocnienia bok A 0,8 | C66: =((D50*0.1)*2)*6.4/1000 -> 0.64 | D66: kg | Q66: Wzmocnienia bok A 0,8 | R66: =((S50*0.1)*2)*6.4/1000 -> 0.64 | S66: kg
B67: Wzmocnienia bok B 0,8 | C67: =((D51*0.1)*2)*6.4/1000 -> 0.64 | D67: kg | Q67: Wzmocnienia bok B 0,8 | R67: =((S51*0.1)*2)*6.4/1000 -> 0.64 | S67: kg
B68: Ramka | C68: =(D50+D51+D50+D51)/1000 -> 2 | D68: mb | Q68: Ramka | R68: =(S50+S51+S50+S51)/1000 -> 2 | S68: mb
B69: Narożnik | C69: 4 | D69: szt. | Q69: Narożnik | R69: 4 | S69: szt.
B70: Profił Łopatki Czerpni | C70: =(((((F55/0.7)*D50)*2))+(((F55/0.7)*D51)*2))/100000 -> 14 | D70: mb | Q70: Profił Łopatki Czerpni | R70: =(((((U55/0.7)*S50)*2))+(((U55/0.7)*S51)*2))/100000 -> 10 | S70: mb
B71: Siatka | C71: =(((F55*D50)*2)+((F55*D51)*2))/1000000 -> 0.98 | D71: m2 | Q71: Siatka | R71: =(((U55*S50)*2)+((U55*S51)*2))/1000000 -> 0.7 | S71: m2
A73: KOD OPTIMA | B73: Zapotrzebowanie materiału | C73: ilość | E73: cena | F73: wartość | H73: A | I73: B | J73: ALNOR | K73: marża | L73: SMAY | M73: A | N73: B | P73: KOD OPTIMA | Q73: Zapotrzebowanie materiału | R73: ilość | T73: cena | U73: wartość
A74: BLACHA0,60X1500 | B74: Blacha 0,6 | C74: =E59+C64+C65 -> 4.2432 | D74: kg | E74: ='Ceny składowe'!C6 -> 4.3 | F74: =E74*C74 -> 18.24576 | H74: =IF(D50<=250,J74,0) -> 0 | I74: =IF(D51<=250,J74,0) -> 0 | J74: =ROUND(F88*(1+K74),2) -> 954.77 | K74: 2.5 | L74: =ROUND(U88*(1+K74),2) -> 805.47 | M74: =IF(S50<=250,L74,0) -> 0 | N74: =IF(S51<=250,L74,0) -> 0 | P74: BLACHA0,60X1500 | Q74: Blacha 0,6 | R74: =T59+R64+R65 -> 4.2432 | S74: kg | T74: ='Ceny składowe'!C6 -> 4.3 | U74: =T74*R74 -> 18.24576
A75: BLACHA0,80X1500 | B75: Blacha 0,8 | C75: =E60+C61+C62+C63+C66+C67 -> 7.28842 | D75: kg | E75: ='Ceny składowe'!C7 -> 4.2 | F75: =E75*C75 -> 30.611364 | H75: =IF(AND(D50<=300,D50>250),J75,0) -> 0 | I75: =IF(AND(D51<=300,D51>250),J75,0) -> 0 | J75: =ROUND(F88*(1+K75),2) -> 872.94 | K75: 2.2 | L75: =ROUND(U88*(1+K75),2) -> 736.43 | M75: =IF(AND(S50<=300,S50>250),L75,0) -> 0 | N75: =IF(AND(S51<=300,S51>250),L75,0) -> 0 | P75: BLACHA0,80X1500 | Q75: Blacha 0,8 | R75: =T60+R61+R62+R63+R66+R67 -> 6.32074 | S75: kg | T75: ='Ceny składowe'!C7 -> 4.2 | U75: =T75*R75 -> 26.547108
A76: PROFILCZERP | B76: Profił Łopatki Czerpni | C76: =C70*1.1 -> 15.4 | D76: mb | E76: ='Ceny składowe'!C33 -> 7.29 | F76: =E76*C76 -> 112.266 | H76: =IF(AND(D50<=400,D50>300),J76,0) -> 0 | I76: =IF(AND(D51<=400,D51>300),J76,0) -> 0 | J76: =ROUND(F88*(1+K76),2) -> 791.1 | K76: 1.9 | L76: =ROUND(U88*(1+K76),2) -> 667.39 | M76: =IF(AND(S50<=400,S50>300),L76,0) -> 0 | N76: =IF(AND(S51<=400,S51>300),L76,0) -> 0 | P76: PROFILCZERP | Q76: Profił Łopatki Czerpni | R76: =R70*1.1 -> 11 | S76: mb | T76: ='Ceny składowe'!C33 -> 7.29 | U76: =T76*R76 -> 80.19
A77: SIATKACASANET19X19 | B77: Siatka | C77: =C71*1.1 -> 1.078 | D77: mb | E77: ='Ceny składowe'!C42 -> 17.2 | F77: =E77*C77 -> 18.5416 | H77: =IF(AND(D50<=500,D50>400),J77,0) -> 731.08 | I77: =IF(AND(D51<=500,D51>400),J77,0) -> 731.08 | J77: =ROUND(F88*(1+K77),2) -> 731.08 | K77: 1.68 | L77: =ROUND(U88*(1+K77),2) -> 616.76 | M77: =IF(AND(S50<=500,S50>400),L77,0) -> 616.76 | N77: =IF(AND(S51<=500,S51>400),L77,0) -> 616.76 | P77: SIATKACASANET19X19 | Q77: Siatka | R77: =R71*1.1 -> 0.77 | S77: mb | T77: ='Ceny składowe'!C42 -> 17.2 | U77: =T77*R77 -> 13.244
A78: NAROŻNIK-K20 | B78: Narożniki | C78: =IF(OR(D50>1000,D51>1000),0.0001,4) -> 4 | D78: szt. | E78: ='Ceny składowe'!C20 -> 0.27 | F78: =E78*C78 -> 1.08 | H78: =IF(AND(D50<=600,D50>500),J78,0) -> 0 | I78: =IF(AND(D51<=600,D51>500),J78,0) -> 0 | J78: =ROUND(F88*(1+K78),2) -> 676.52 | K78: 1.48 | L78: =ROUND(U88*(1+K78),2) -> 570.74 | M78: =IF(AND(S50<=600,S50>500),L78,0) -> 0 | N78: =IF(AND(S51<=600,S51>500),L78,0) -> 0 | P78: NAROŻNIK-K20 | Q78: Narożniki | R78: =IF(OR(S50>1000,S51>1000),0.0001,4) -> 4 | S78: szt. | T78: ='Ceny składowe'!C20 -> 0.27 | U78: =T78*R78 -> 1.08
A79: PROFILRAMKI20-P | B79: Profil ramki | C79: =IF(OR(D50>1000,D51>1000),0.0001,C68) -> 2 | D79: mb | E79: ='Ceny składowe'!C34 -> 1.89 | F79: =E79*C79 -> 3.78 | H79: =IF(AND(D50<=700,D50>600),J79,0) -> 0 | I79: =IF(AND(D51<=700,D51>600),J79,0) -> 0 | J79: =ROUND(F88*(1+K79),2) -> 635.61 | K79: 1.33 | L79: =ROUND(U88*(1+K79),2) -> 536.22 | M79: =IF(AND(S50<=700,S50>600),L79,0) -> 0 | N79: =IF(AND(S51<=700,S51>600),L79,0) -> 0 | P79: PROFILRAMKI20-P | Q79: Profil ramki | R79: =IF(OR(S50>1000,S51>1000),0.0001,R68) -> 2 | S79: mb | T79: ='Ceny składowe'!C34 -> 1.89 | U79: =T79*R79 -> 3.78
A80: PROFILRAMKI30-P | B80: Profil ramki | C80: =IF(OR(D50>1000,D51>1000),C68,0.0001) -> 0.0001 | D80: mb | E80: ='Ceny składowe'!C36 -> 2.92 | F80: =E80*C80 -> 0.000292 | H80: =IF(AND(D50<=800,D50>700),J80,0) -> 0 | I80: =IF(AND(D51<=800,D51>700),J80,0) -> 0 | J80: =ROUND(F88*(1+K80),2) -> 613.78 | K80: 1.25 | L80: =ROUND(U88*(1+K80),2) -> 517.8 | M80: =IF(AND(S50<=800,S50>700),L80,0) -> 0 | N80: =IF(AND(S51<=800,S51>700),L80,0) -> 0 | P80: PROFILRAMKI30-P | Q80: Profil ramki | R80: =IF(OR(S50>1000,S51>1000),R68,0.0001) -> 0.0001 | S80: mb | T80: ='Ceny składowe'!C36 -> 2.92 | U80: =T80*R80 -> 0.000292
A81: NAROŻNIK-K30 | B81: Narożniki | C81: =IF(OR(D50>1000,D51>1000),4,0.0001) -> 0.0001 | D81: szt. | E81: ='Ceny składowe'!C22 -> 0.75 | F81: =E81*C81 -> 7.5e-05 | H81: =IF(AND(D50<=900,D50>800),J81,0) -> 0 | I81: =IF(AND(D51<=900,D51>800),J81,0) -> 0 | J81: =ROUND(F88*(1+K81),2) -> 551.04 | K81: 1.02 | L81: =ROUND(U88*(1+K81),2) -> 464.87 | M81: =IF(AND(S50<=900,S50>800),L81,0) -> 0 | N81: =IF(AND(S51<=900,S51>800),L81,0) -> 0 | P81: NAROŻNIK-K30 | Q81: Narożniki | R81: =IF(OR(S50>1000,S51>1000),4,0.0001) -> 0.0001 | S81: szt. | T81: ='Ceny składowe'!C22 -> 0.75 | U81: =T81*R81 -> 7.5e-05
A82: WKRĘT IMBUS 4,2X16 | B82: Wkręt | C82: =((F55/7)*4)*4/10000 -> 0.112 | D82: op. | E82: ='Ceny składowe'!C63 -> 38.1 | F82: =E82*C82 -> 4.2672 | H82: =IF(AND(D50<=1000,D50>900),J82,0) -> 0 | I82: =IF(AND(D51<=1000,D51>900),J82,0) -> 0 | J82: =ROUND(F88*(1+K82),2) -> 564.68 | K82: 1.07 | L82: =ROUND(U88*(1+K82),2) -> 476.38 | M82: =IF(AND(S50<=1000,S50>900),L82,0) -> 0 | N82: =IF(AND(S51<=1000,S51>900),L82,0) -> 0 | P82: WKRĘT IMBUS 4,2X16 | Q82: Wkręt | R82: =((U55/7)*4)*4/10000 -> 0.08 | S82: op. | T82: ='Ceny składowe'!C63 -> 38.1 | U82: =T82*R82 -> 3.048
H83: =IF(AND(D50<=1100,D50>1000),J83,0) -> 0 | I83: =IF(AND(D51<=1100,D51>1000),J83,0) -> 0 | J83: =ROUND(F88*(1+K83),2) -> 512.85 | K83: 0.88 | L83: =ROUND(U88*(1+K83),2) -> 432.65 | M83: =IF(AND(S50<=1100,S50>1000),L83,0) -> 0 | N83: =IF(AND(S51<=1100,S51>1000),L83,0) -> 0
E84: Razem | F84: =SUM(F74:F82) -> 188.79229 | H84: =IF(AND(D50<=1200,D50>1100),J84,0) -> 0 | I84: =IF(AND(D51<=1200,D51>1100),J84,0) -> 0 | J84: =ROUND(F88*(1+K84),2) -> 501.94 | K84: 0.84 | L84: =ROUND(U88*(1+K84),2) -> 423.45 | M84: =IF(AND(S50<=1200,S50>1100),L84,0) -> 0 | N84: =IF(AND(S51<=1200,S51>1100),L84,0) -> 0 | T84: Razem | U84: =SUM(U74:U82) -> 146.13524
E85: Cena Sprz. | F85: =I92*(1-10%) -> 657.972 | H85: =IF(AND(D50<=1300,D50>1200),J85,0) -> 0 | I85: =IF(AND(D51<=1300,D51>1200),J85,0) -> 0 | J85: =ROUND(F88*(1+K85),2) -> 496.48 | K85: 0.82 | L85: =ROUND(U88*(1+K85),2) -> 418.85 | M85: =IF(AND(S50<=1300,S50>1200),L85,0) -> 0 | N85: =IF(AND(S51<=1300,S51>1200),L85,0) -> 0 | T85: Cena Sprz. | U85: =N92 -> 616.76
H86: =IF(AND(D50<=1400,D50>1300),J86,0) -> 0 | I86: =IF(AND(D51<=1400,D51>1300),J86,0) -> 0 | J86: =ROUND(F88*(1+K86),2) -> 488.3 | K86: 0.79 | L86: =ROUND(U88*(1+K86),2) -> 411.94 | M86: =IF(AND(S50<=1400,S50>1300),L86,0) -> 0 | N86: =IF(AND(S51<=1400,S51>1300),L86,0) -> 0
B87: koszt pracy | C87: =IF(AND(D50<=300,D51>=180),90,IF(AND(D50<=500,D51>=300),120,IF(AND(D50<=500,D51<300),105,IF(AND(D50<=700,D51>=500),150,IF(AND(D50<=700,D51<500),135,IF(AND(D50<=900,D51>=700),180,IF(AND(D50<=900,D51<700),165,IF(AND(D50<=1100,D51>=900),210,IF(AND(D50<=1100,D51<900),195,IF(AND(D50<=1300,D51>=1100),240,IF(AND(D50<=1300,D51<1100),225,IF(AND(D50<=1500,D51>=1300),270,IF(AND(D50<=1500,D51<1300),255,IF(AND(D50<=1700,D51>=1500),300,IF(AND(D50<=1700,D51<1500),285,IF(AND(D50<=1900,D51>=1700),330,IF(AND(D50<=1900,D51<1700),315,IF(AND(D50<=2100,D51>=1900),360,IF(AND(D50<=2100,D51<1900),345,IF(AND(D50<=2300,D51>=2100),390,IF(AND(D50<=2300,D51<2100),375,IF(AND(D50<=2500,D51>=2300),420,IF(AND(D50<=2500,D51<2300),405,IF(AND(D50<=2700,D51>=2500),450,IF(AND(D50<=2700,D51<2500),435,IF(AND(D50<=2900,D51>=2700),480,IF(AND(D50<=2900,D51<2700),465,IF(AND(D50<=3100,D51>=2900),510,IF(AND(D50<=3100,D51<2900),495,IF(AND(D50<=3300,D51>=3100),540,IF(AND(D50<=3300,D51<3100),525,IF(AND(D50<=3500,D51>=3300),570,IF(AND(D50<=3500,D51<3300),555,IF(AND(D50<=3700,D51>=3500),600,IF(AND(D50<=3700,D51<3500),585))))))))))))))))))))))))))))))))))) -> 120 | D87: min. | E87: ='Ceny składowe'!C94 -> 0.7 | F87: =C87*E87 -> 84 | H87: =IF(AND(D50<=1500,D50>1400),J87,0) -> 0 | I87: =IF(AND(D51<=1500,D51>1400),J87,0) -> 0 | J87: =ROUND(F88*(1+K87),2) -> 480.11 | K87: 0.76 | L87: =ROUND(U88*(1+K87),2) -> 405.04 | M87: =IF(AND(S50<=1500,S50>1400),L87,0) -> 0 | N87: =IF(AND(S51<=1500,S51>1400),L87,0) -> 0 | Q87: koszt pracy | R87: =IF(AND(S50>=1500,S51>=1500),220,IF(AND(S50>=200,S51>=1500),160,IF(AND(S50>=1500,S51>=200),160,IF(AND(S50>=1400,S51>=1400),210,IF(AND(S50>=200,S51>=1400),155,IF(AND(S50>=1400,S51>=200),155,IF(AND(S50>=1300,S51>=1300),200,IF(AND(S50>=200,S51>=1300),150,IF(AND(S50>=1300,S51>=200),150,IF(AND(S50>=1200,S51>=1200),190,IF(AND(S50>=200,S51>=1200),145,IF(AND(S50>=1200,S51>=200),145,IF(AND(S50>=1100,S51>=1100),180,IF(AND(S50>=200,S51>=1100),140,IF(AND(S50>=1100,S51>=200),140,IF(AND(S50>=1000,S51>=1000),170,IF(AND(S50>=200,S51>=1000),135,IF(AND(S50>=1000,S51>=200),135,IF(AND(S50>=900,S51>=900),160,IF(AND(S50>=200,S51>=900),130,IF(AND(S50>=900,S51>=200),130,IF(AND(S50>=800,S51>=800),150,IF(AND(S50>=200,S51>=800),125,IF(AND(S50>=800,S51>=200),125,IF(AND(S50>=700,S51>=700),140,IF(AND(S50>=200,S51>=700),120,IF(AND(S50>=700,S51>=200),120,IF(AND(S50>=600,S51>=600),130,IF(AND(S50>=200,S51>=600),115,IF(AND(S50>=600,S51>=200),115,IF(AND(S50>=500,S51>=500),120,IF(AND(S50>=200,S51>=500),110,IF(AND(S50>=500,S51>=200),110,IF(AND(S50>=400,S51>=400),110,IF(AND(S50>=200,S51>=400),105,IF(AND(S50>=400,S51>=200),105,IF(AND(S50>=300,S51>=300),100,IF(AND(S50>=200,S51>=180),90)))))))))))))))))))))))))))))))))))))) -> 120 | S87: min. | T87: ='Ceny składowe'!C94 -> 0.7 | U87: =R87*T87 -> 84
D88: materiał | E88: + praca | F88: =F84+F87 -> 272.79229 | H88: =IF(D50>1500,J88,0) -> 0 | I88: =IF(D51>1500,J88,0) -> 0 | J88: =ROUND(F88*(1+K88),2) -> 474.66 | K88: 0.74 | L88: =ROUND(U88*(1+K88),2) -> 400.44 | M88: =IF(S50>1500,L88,0) -> 0 | N88: =IF(S51>1500,M88,0) -> 0 | S88: materiał | T88: + praca | U88: =U84+U87 -> 230.13524
E90: Narzut | F90: =(F85-F88)/F88 -> 1.411989 | H90: =SUM(H74:H88) -> 731.08 | I90: =SUM(I74:I88) -> 731.08 | M90: =SUM(M74:M88) -> 616.76 | N90: =SUM(N74:N88) -> 616.76 | T90: Narzut | U90: =(U85-U88)/U88 -> 1.6799894
I91: średnia | N91: średnia
I92: =AVERAGE(H90,I90) -> 731.08 | N92: =AVERAGE(M90,N90) -> 616.76

Sheet Puszka rozprężna
B3: Skrzynka rozprężna z nitonakrętką | H3: Skrzynka rozprężna | N3: Skrzynka rozprężna rozdzielaczowa | T3: Skrzynka rozprężna rozdzielaczowa z ramką | AA3: Rozdzielaczowa
AB4: 0.125 | AC4: 0.078 | AD4: 0.15 | AE4: 0.2 | AF4: 0.25
B5: A | C5: ='Cennik Produkcja '!D134 -> 585 | D5: mm | H5: A | I5: ='Cennik Produkcja '!$D$116 -> 350 | J5: mm | N5: A | O5: ='Cennik Produkcja '!D179 -> 350 | P5: mm | T5: A | U5: ='Cennik Produkcja '!D188 -> 505 | V5: mm | AA5: powierchnia otworów | AB5: =((AB4/2)^2)*3.14 -> 0.012265625 | AC5: =((AC4/2)^2)*3.14 -> 0.00477594 | AD5: =((AD4/2)^2)*3.14 -> 0.0176625 | AE5: =((AE4/2)^2)*3.14 -> 0.0314 | AF5: =((AF4/2)^2)*3.14 -> 0.0490625
B6: B | C6: ='Cennik Produkcja '!E134 -> 585 | D6: mm | H6: B | I6: ='Cennik Produkcja '!$E$116 -> 150 | J6: mm | N6: B | O6: ='Cennik Produkcja '!E179 -> 350 | P6: mm | T6: B | U6: ='Cennik Produkcja '!E188 -> 210 | V6: mm | AA6: ilość | AB6: 0 | AC6: 0 | AD6: 0 | AE6: 0 | AF6: 0
B7: L | C7: ='Cennik Produkcja '!D136 -> 325 | D7: mm | H7: L | I7: ='Cennik Produkcja '!D118 -> 250 | J7: mm | N7: L | O7: ='Cennik Produkcja '!D181 -> 250 | P7: mm | T7: L | U7: ='Cennik Produkcja '!D190 -> 300 | V7: mm | AA7: suma | AB7: =AB5*AB6 -> 0 | AC7: =AC5*AC6 -> 0 | AD7: =AD5*AD6 -> 0 | AE7: =AE5*AE6 -> 0 | AF7: =AF5*AF6 -> 0 | AG7: =SUM(AB7:AF7) -> 0
B8: Fi przyłącza | C8: ='Cennik Produkcja '!E136 -> 125 | D8: mm | H8: Fi przyłącza | I8: ='Cennik Produkcja '!$E$118 -> 1 | J8: mm | N8: Fi przyłącza | O8: ='Cennik Produkcja '!E181 -> 200 | P8: mm | T8: Fi przyłącza | U8: ='Cennik Produkcja '!E190 -> 200 | V8: mm
N9: Ilość króćców | O9: ='Cennik Produkcja '!F181 -> 3 | P9: mm | T9: ilość króćców | U9: ='Cennik Produkcja '!F190 -> 2 | V9: mm
B10: Otwór pod kolar | C10: =C8 -> 125 | D10: mm | H10: Otwór pod kolar | I10: =I8 -> 1 | J10: mm | N10: Otwór pod kolar | O10: =O8 -> 200 | P10: mm | T10: Otwór pod kolar | U10: =U8 -> 200 | V10: mm
B11: Wygięcie | D11: mm | H11: Wygięcie | J11: mm | N11: Wygięcie | O11: 0 | P11: mm | T11: Wygięcie | U11: 0 | V11: mm | AA11: Powierzchnia kolarów | AB11: =(AB4*3.14)*0.1 -> 0.03925 | AC11: =(AC4*3.14)*0.1 -> 0.024492 | AD11: =(AD4*3.14)*0.1 -> 0.0471 | AE11: =(AE4*3.14)*0.1 -> 0.0628 | AF11: =(AF4*3.14)*0.1 -> 0.0785
B12: Powierchnia kolara | C12: =(C10*3.14*0.15)/1000 -> 0.058875 | D12: m2 | H12: Powierchnia kolara | I12: =(I10*3.14*0.15)/1000 -> 0.000471 | J12: m2 | N12: Powierchnia kolara | O12: =O9*((O10*3.14*0.15)/1000) -> 0.2826 | P12: m2 | T12: Powierchnia kolara | U12: =U9*((U10*3.14*0.15)/1000) -> 0.1884 | V12: m2 | AA12: ilość | AB12: =AB6 -> 0 | AC12: =AC6 -> 0 | AD12: =AD6 -> 0 | AE12: =AE6 -> 0 | AF12: =AF6 -> 0
B13: Ramka | C13: =(C5+C6+C5+C6)/1000 -> 2.34 | D13: mb | H13: Ramka | I13: =(I5+I6+I5+I6)/1000 -> 1 | J13: mb | N13: Ramka | O13: =(O5+O6+O5+O6)/1000 -> 1.4 | P13: mb | T13: Ramka | U13: =(U5+U6+U5+U6)/1000 -> 1.43 | V13: mb | AA13: suma | AB13: =AB12*AB11 -> 0 | AC13: =AC12*AC11 -> 0 | AD13: =AD12*AD11 -> 0 | AE13: =AE12*AE11 -> 0 | AF13: =AF12*AF11 -> 0 | AG13: =SUM(AB13:AF13) -> 0
B15: Powierzchnia bez otworu | C15: =(((C5*C7)*2)+((C6*C7)*2)+C5*C6)/1000000 -> 1.102725 | D15: m2 | H15: Powierzchnia bez otworu | I15: =(((I5*I7)*2)+((I6*I7)*2)+I5*I6)/1000000 -> 0.3025 | J15: m2 | N15: Powierzchnia bez otworu | O15: =(((O5*O7)*2)+((O6*O7)*2)+O5*O6)/1000000 -> 0.4725 | P15: m2 | T15: Powierzchnia bez otworu | U15: =(((U5*U7)*2)+((U6*U7)*2)+U5*U6)/1000000 -> 0.53505 | V15: m2 | AA15: Powierzchnia bez otworów | AB15: =C15 -> 1.102725
B16: Powierzchnia otworu | C16: =((C10/2)*(C10/2)*3.14)/1000000 -> 0.012265625 | D16: m2 | H16: Powierzchnia otworu | I16: =((I10/2)*(I10/2)*3.14)/1000000 -> 7.85e-07 | J16: m2 | N16: Powierzchnia otworu | O16: =((O10/2)*(O10/2)*3.14)/1000000 -> 0.0314 | P16: m2 | T16: Powierzchnia otworu | U16: =((U10/2)*(U10/2)*3.14)/1000000 -> 0.0314 | V16: m2 | AA16: Powierzchnia kolarów | AB16: =AG13 -> 0
B18: Powierchnia skorygowana o otwór | C18: =C15-C16 -> 1.0904594 | D18: m2 | H18: Powierchnia skorygowana o otwór | I18: =I15-I16 -> 0.30249921 | N18: Powierchnia skorygowana o otwór | O18: =O15-O16 -> 0.4411 | T18: Powierchnia skorygowana o otwór | U18: =U15-U16 -> 0.50365 | AA18: Powierchnia skorygowana o otwór | AB18: =AB15-AG7 -> 1.102725
B19: Powierzchnia z kolarem | C19: =C18+C12 -> 1.1493344 | D19: m2 | H19: Powierzchnia z kolarem | I19: =I18+I12 -> 0.30297021 | N19: Powierzchnia z kolarem | O19: =(O18+O12)*1.1 -> 0.79607 | T19: Siatka | U19: 0 | AA19: Powierzchnia całkowita | AB19: =AB18+AB16 -> 1.102725
B20: Powierzchnia wzmocnienia | C20: =(C5+80)*55/1000000 -> 0.036575 | D20: m2 | T20: Powierzchnia z kolarem | U20: =(U18+U12)*1.1 -> 0.761255
B22: Blacha | C22: 0.6 | H22: Blacha | I22: 0.6 | N22: Blacha | O22: 0.6 | T22: Blacha | U22: 0.6 | AA22: Blacha | AB22: 0.6
B23: Współczynnik | C23: 8 | H23: Współczynnik | I23: 8 | N23: Współczynnik | O23: 8 | T23: Współczynnik | U23: 8 | AA23: Współczynnik | AB23: 8
B25: Gramatura | C25: =C22*C23*(C19+C20) -> 5.692365 | H25: Gramatura | I25: =I22*I23*I19 -> 1.454257 | N25: Gramatura | O25: =O22*O23*O19 -> 3.821136 | T25: Gramatura | U25: =U22*U23*U20 -> 3.654024 | AA25: Gramatura | AB25: =AB23*AB22*AB19 -> 5.29308
B26: Gramatura w T | C26: =C25/1000 -> 0.005692365 | H26: Gramatura w T | I26: =I25/1000 -> 0.001454257 | N26: Gramatura w T | O26: =O25/1000 -> 0.003821136 | T26: Gramatura w T | U26: =U25/1000 -> 0.003654024 | AA26: Gramatura w T | AB26: =AB25/1000 -> 0.00529308
B31: Nitonakrętka | C31: 1 | D31: szt | H31: Nitonakrętka | I31: =IF('Cennik Produkcja '!#REF!>0,1,0.0001) -> #REF! | J31: szt | N31: Nitonakrętka | O31: 0 | P31: szt | T31: Nitonakrętka | U31: 0 | V31: szt
B32: Blacha 0,6 | C32: =C25 -> 5.692365 | D32: kg | H32: Blacha 0,6 | I32: =I25 -> 1.454257 | J32: kg | N32: Blacha 0,6 | O32: =O25 -> 3.821136 | P32: kg | T32: Blacha 0,6 | U32: =U25*1.1 -> 4.0194264 | V32: kg
B33: Ramka | C33: =IF('Cennik Produkcja '!E120>0,C13,0) -> 0 | D33: mb | H33: Ramka | I33: =IF('Cennik Produkcja '!#REF!>0,I13,0) -> #REF! | J33: mb | T33: Ramka | U33: =U13*1.1 -> 1.573 | V33: mb
A35: KOD OPTIMA | B35: Zapotrzebowanie materiału | C35: ilość | E35: cena jedn. | F35: wartość | G35: KOD OPTIMA | H35: Zapotrzebowanie materiału | I35: ilość | K35: cena jedn. | L35: wartość | M35: KOD OPTIMA | N35: Zapotrzebowanie materiału | O35: ilość | Q35: cena jedn. | R35: wartość | S35: KOD OPTIMA | T35: Zapotrzebowanie materiału | U35: ilość | W35: cena jedn. | X35: wartość | AA35: cena jedn. | AB35: wartość
A36: BLACHA0,60X1500 | B36: Blacha | C36: =C25 -> 5.692365 | D36: kg | E36: ='Ceny składowe'!C6 -> 4.3 | F36: =C36*E36 -> 24.477169 | G36: BLACHA0,60X1500 | H36: Blacha | I36: =I25 -> 1.454257 | J36: kg | K36: ='Ceny składowe'!C6 -> 4.3 | L36: =I36*K36 -> 6.2533052 | M36: BLACHA0,60X1500 | N36: Blacha | O36: =O25 -> 3.821136 | P36: kg | Q36: ='Ceny składowe'!C6 -> 4.3 | R36: =O36*Q36 -> 16.430885 | S36: BLACHA0,60X1500 | T36: Blacha | U36: =U25 -> 3.654024 | V36: kg | W36: ='Ceny składowe'!C6 -> 4.3 | X36: =U36*W36 -> 15.712303 | AA36: 3.6 | AB36: =AA36*C36 -> 20.492514
A37: ALUCYNK ECO CHEMICAL | B37: Cynk w sprayu | C37: =IF(C5<=350,0.02,IF(C5<=450,0.025,IF(C5>450,0.03))) -> 0.03 | D37: szt | E37: ='Ceny składowe'!C71 -> 14.9 | F37: =C37*E37 -> 0.447 | G37: ALUCYNK ECO CHEMICAL | H37: Cynk w sprayu | I37: =IF(I5<=350,0.02,IF(I5<=450,0.025,IF(I5>450,0.03))) -> 0.02 | J37: szt | K37: ='Ceny składowe'!C71 -> 14.9 | L37: =I37*K37 -> 0.298 | M37: ALUCYNK ECO CHEMICAL | N37: Cynk w sprayu | O37: =IF(O5<=350,0.02,IF(O5<=450,0.025,IF(O5>450,0.03))) -> 0.02 | P37: szt | Q37: ='Ceny składowe'!C71 -> 14.9 | R37: =O37*Q37 -> 0.298 | S37: ALUCYNK ECO CHEMICAL | T37: Cynk w sprayu | U37: =IF(U5<=350,0.02,IF(U5<=450,0.025,IF(U5>450,0.03))) -> 0.03 | V37: szt | W37: ='Ceny składowe'!C71 -> 14.9 | X37: =U37*W37 -> 0.447
A38: NITONAKRĘTKA M6 | B38: Nitonakrętka M6 | C38: 1 | D38: szt | E38: ='Ceny składowe'!C25 -> 0.16 | F38: =C38*E38 -> 0.16 | G38: SILIKON UNIWERSALNY STINGER | H38: Silikon | I38: 0.05 | J38: szt | K38: ='Ceny składowe'!C78 -> 9.1 | L38: =I38*K38 -> 0.455 | M38: SILIKON UNIWERSALNY STINGER | N38: Silikon | O38: 0.05 | P38: szt | Q38: ='Ceny składowe'!C78 -> 9.1 | R38: =O38*Q38 -> 0.455 | S38: PROFILRAMKI20-P | T38: Ramka | U38: =U33 -> 1.573 | V38: mb | W38: ='Ceny składowe'!C34 -> 1.89 | X38: =U38*W38 -> 2.97297
A39: SILIKON UNIWERSALNY STINGER | B39: Silikon | C39: 0.05 | D39: szt | E39: ='Ceny składowe'!C78 -> 9.1 | F39: =C39*E39 -> 0.455 | M39: NITONAKRĘTKA M6 | N39: nitonakrętka | O39: =IF('Cennik Produkcja '!D183=0,0.0001,'Cennik Produkcja '!D183) -> 0.0001 | P39: szt | Q39: ='Ceny składowe'!C25 -> 0.16 | R39: =IF(O40>1,20,0) -> 0 | S39: NAROŻNIK-K20 | T39: Narożnik | U39: 4 | V39: szt | W39: ='Ceny składowe'!C20 -> 0.27 | X39: =U39*W39 -> 1.08
K40: Razem | L40: =SUM(L36:L38) -> 7.0063052 | M40: ŚRUBA M6X20 SKRZYDELKOWA | N40: śruba skrzydełkowa | O40: =IF('Cennik Produkcja '!D183=0,0.0001,'Cennik Produkcja '!D183) -> 0.0001 | P40: szt | Q40: 0.6 | S40: SILIKON UNIWERSALNY STINGER | T40: Silikon | U40: 0.05 | V40: szt | W40: ='Ceny składowe'!C78 -> 9.1 | X40: =U40*W40 -> 0.455
E41: Razem | F41: =SUM(F36:F39) -> 25.539169 | H41: koszt zmienny | I41: =IF(I5<=200,26.4,IF(I5<=300,31.5,IF(I5<400,32.2,IF(I5<500,23.1,IF(I5<=600,12,IF(I5>600,50)))))) -> 32.2 | K41: Sprzedaż | L41: =I41+L40*5.1 -> 67.932157 | S41: NITONAKRĘTKA M6 | T41: nitonakrętka | U41: =IF('Cennik Produkcja '!D192=0,0.0001,'Cennik Produkcja '!D192) -> 0.0001 | V41: szt | W41: ='Ceny składowe'!C25 -> 0.16 | X41: =IF(U42>1,20,0) -> 0
B42: koszt zmienny | C42: =IF(C5<=200,26.4,IF(C5<=300,31.5,IF(C5<400,32.2,IF(C5<500,26,IF(C5<=600,3,IF(C5>700,50)))))) -> 3 | E42: Sprzedaż | F42: =C42+F41*5.3 -> 138.3576 | K42: Narzut | L42: =(L41-H44)/H44 -> 1.5154184 | Q42: Razem | R42: =SUM(R36:R38) -> 17.183885 | S42: ŚRUBA M6X20 SKRZYDELKOWA | T42: śruba skrzydełkowa | U42: =IF('Cennik Produkcja '!D192=0,0.0001,'Cennik Produkcja '!D192) -> 0.0001 | V42: szt | W42: 0.6
E43: Narzut | F43: =(F42-C45)/C45 -> 1.6334181 | G43: koszt pracy | H43: =IF(AND(I5<200,I6<200),18,IF(AND(I5<300,I6<300),19,IF(AND(I5<500,I6<500),20,IF(AND(I5<=600,I6<=200),20,IF(AND(I5>=500,I6>=500),22,IF(AND(I5>600,I6>=50),40)))))) -> 20 | M43: koszt pracy | Q43: Sprzedaż | R43: =(R42*7.8)+R39 -> 134.0343
B44: Koszt pracy | C44: =IF(AND(C5<400,C6<400),22,IF(AND(C5<500,C6<500),24,IF(AND(C5>=500,C6>=500),27))) -> 27 | G44: praca + materiał | H44: =H43+L40 -> 27.006305 | M44: praca + materiał | W44: Razem | X44: =SUM(X36:X40) -> 20.667273
B45: praca + materiał | C45: =C44+F41 -> 52.539169 | S45: koszt pracy | W45: Sprzedaż | X45: =(X44*6.5)+X41 -> 134.33728
H46: Skrzynka rozprężna z ramką | N46: Skrzynka rozprężna rozdzielaczowa | O46: SRN-R-I-A | S46: praca + materiał | W46: Narzut | X46: =(X45-X44)/X44 -> 5.5
B47: Skrzynka rozprężna z nitonakrętką izolowana | N47: Izolowana Armaflex
H49: A | I49: ='Cennik Produkcja '!D125 -> 505 | J49: mm | N49: A | O49: ='Cennik Produkcja '!D197 -> 580 | P49: mm
B50: A | C50: ='Cennik Produkcja '!D143 -> 500 | D50: mm | H50: B | I50: ='Cennik Produkcja '!E125 -> 210 | J50: mm | N50: B | O50: ='Cennik Produkcja '!E197 -> 210 | P50: mm
B51: B | C51: ='Cennik Produkcja '!E143 -> 200 | D51: mm | H51: L | I51: ='Cennik Produkcja '!D127 -> 300 | J51: mm | N51: l | O51: ='Cennik Produkcja '!D199 -> 150 | P51: mm
B52: L | C52: ='Cennik Produkcja '!D145 -> 80 | D52: mm | H52: Fi przyłącza | I52: ='Cennik Produkcja '!E127 -> 200 | J52: mm | N52: Fi przyłącza | O52: ='Cennik Produkcja '!E199 -> 160 | P52: mm
B53: Fi przyłącza | C53: ='Cennik Produkcja '!E145 -> 1 | D53: mm | N53: Ilość króćców | O53: ='Cennik Produkcja '!F199 -> 3 | P53: mm
H54: Otwór pod kolar | I54: =I52 -> 200 | J54: mm | N54: Otwór pod kolar | O54: ='Cennik Produkcja '!E199 -> 160 | P54: mm
B55: Otwór pod kolar | C55: =C53 -> 1 | D55: mm | H55: Wygięcie | J55: mm | N55: Wygięcie | O55: 0 | P55: mm
B56: Wygięcie | D56: mm | H56: Powierchnia kolara | I56: =(I54*3.14*0.15)/1000 -> 0.0942 | J56: m2 | N56: Powierchnia kolara | O56: =O53*((O54*3.14*0.15)/1000) -> 0.22608 | P56: m2
B57: Powierchnia kolara | C57: =(C55*3.14*0.15)/1000 -> 0.000471 | D57: m2 | H57: Ramka | I57: =(I49+I50+I49+I50)/1000 -> 1.43 | J57: mb | N57: Ramka | O57: =(O49+O50+O49+O50)/1000 -> 1.58 | P57: mb
B58: Ramka | C58: =(C50+C51+C50+C51)/1000 -> 1.4 | D58: mb
H59: Powierzchnia bez otworu | I59: =(((I49*I51)*2)+((I50*I51)*2)+I49*I50)/1000000 -> 0.53505 | J59: m2 | N59: Powierzchnia bez otworu | O59: =(((O49*O51)*2)+((O50*O51)*2)+O49*O50)/1000000 -> 0.3588 | P59: m2
B60: Powierzchnia bez otworu | C60: =(((C50*C52)*2)+((C51*C52)*2)+C50*C51)/1000000 -> 0.212 | D60: m2 | H60: Powierzchnia otworu | I60: =((I54/2)*(I54/2)*3.14)/1000000 -> 0.0314 | J60: m2 | N60: Powierzchnia otworu | O60: =((O54/2)*(O54/2)*3.14)/1000000 -> 0.020096 | P60: m2
B61: Powierzchnia otworu | C61: =((C55/2)*(C55/2)*3.14)/1000000 -> 7.85e-07 | D61: m2
H62: Powierchnia skorygowana o otwór | I62: =I59-I60 -> 0.50365 | N62: Powierchnia skorygowana o otwór | O62: =O59-O60 -> 0.338704
B63: Powierchnia skorygowana o otwór | C63: =C60-C61 -> 0.21199921 | D63: m2 | H63: Powierzchnia z kolarem | I63: =I62+I56 -> 0.59785 | N63: Powierzchnia z kolarem | O63: =(O62+O56)*1.1 -> 0.6212624
B64: Powierzchnia z kolarem | C64: =C63+C57 -> 0.21247021 | D64: m2
B65: Powierzchnia wzmocnienia | C65: =(C50+80)*55/1000000 -> 0.0319 | D65: m2
H66: Blacha | I66: 0.6 | N66: Blacha | O66: 0.6
B67: Blacha | C67: 0.6 | H67: Współczynnik | I67: 8 | N67: Współczynnik | O67: 8
B68: Współczynnik | C68: 8
H69: Gramatura | I69: =I66*I67*I63 -> 2.86968 | N69: Gramatura | O69: =O66*O67*O63 -> 2.9820595
B70: Gramatura | C70: =C67*C68*(C64+C65) -> 1.172977 | H70: Gramatura w T | I70: =I69/1000 -> 0.00286968 | N70: Gramatura w T | O70: =O69/1000 -> 0.0029820595
B71: Gramatura w T | C71: =C70/1000 -> 0.001172977
N73: Nitonakrętka | O73: 0 | P73: szt
N74: Blacha 0,6 | O74: =O69 -> 2.9820595 | P74: kg
N75: Ramka | O75: =IF('Cennik Produkcja '!#REF!>0,O57,0) -> #REF! | P75: mb
B76: Nitonakrętka | C76: =IF('Cennik Produkcja '!D292>0,1,0.0001) -> 1 | D76: szt | H76: Blacha 0,6 | I76: =I69 -> 2.86968 | J76: kg
B77: Blacha 0,6 | C77: =C70 -> 1.172977 | D77: kg | H77: Ramka | I77: =IF('Cennik Produkcja '!#REF!>0,I57,0) -> #REF! | J77: mb
B78: Ramka | C78: =IF('Cennik Produkcja '!E292>0,C58,0) -> 1.4 | D78: mb
G79: KOD OPTIMA | H79: Zapotrzebowanie materiału | I79: ilość | K79: cena jedn. | L79: wartość | M79: KOD OPTIMA | N79: Zapotrzebowanie materiału | O79: ilość | Q79: cena jedn. | R79: wartość
A80: KOD OPTIMA | B80: Zapotrzebowanie materiału | C80: ilość | E80: cena jedn. | F80: wartość | G80: BLACHA0,60X1500 | H80: Blacha | I80: =I69 -> 2.86968 | J80: kg | K80: ='Ceny składowe'!C6 -> 4.3 | L80: =I80*K80 -> 12.339624 | M80: BLACHA0,60X1500 | N80: Blacha | O80: =O69 -> 2.9820595 | P80: kg | Q80: ='Ceny składowe'!C6 -> 4.3 | R80: =O80*Q80 -> 12.822856
A81: BLACHA0,60X1500 | B81: Blacha | C81: =C70 -> 1.172977 | D81: kg | E81: ='Ceny składowe'!C6 -> 4.3 | F81: =C81*E81 -> 5.0438012 | G81: PROFILRAMKI20-P | H81: Ramka | I81: =I57*1.1 -> 1.573 | J81: mb | K81: ='Ceny składowe'!C34 -> 1.89 | L81: =I81*K81 -> 2.97297 | M81: ALUCYNK ECO CHEMICAL | N81: Cynk w sprayu | O81: =IF(O50<=350,0.02,IF(O50<=450,0.025,IF(O50>450,0.03))) -> 0.02 | P81: szt | Q81: ='Ceny składowe'!C71 -> 14.9 | R81: =O81*Q81 -> 0.298
A82: NITONAKRĘTKA M6 | B82: Nitonakrętka M6 | C82: 1 | D82: szt | E82: ='Ceny składowe'!C25 -> 0.16 | F82: =C82*E82 -> 0.16 | G82: ALUCYNK ECO CHEMICAL | H82: Cynk w sprayu | I82: =IF(I49<=350,0.02,IF(I49<=450,0.025,IF(I49>450,0.03))) -> 0.03 | J82: szt | K82: ='Ceny składowe'!C71 -> 14.9 | L82: =I82*K82 -> 0.447 | M82: =VLOOKUP(1,M95:N100,2,FALSE) -> KAUCZUK 10MM | N82: Armaflex | O82: =O59 -> 0.3588 | P82: m2 | Q82: =IF(M93=O95,Q95,IF(M93=O96,Q96,IF(M93=O97,Q97,IF(M93=O98,Q98,IF(M93=O99,Q99))))) -> 26.81 | R82: =O82*Q82 -> 9.619428
A83: ALUCYNK ECO CHEMICAL | B83: Cynk w sprayu | C83: =IF(C50<=350,0.02,IF(C50<=450,0.025,IF(C50>450,0.03))) -> 0.03 | D83: szt | E83: ='Ceny składowe'!C71 -> 14.9 | F83: =C83*E83 -> 0.447 | G83: NAROŻNIK-K20 | H83: Narożnik | I83: 4 | J83: szt | K83: ='Ceny składowe'!C20 -> 0.27 | L83: =I83*K83 -> 1.08 | M83: NITONAKRĘTKA M6 | N83: nitonakrętka | O83: =IF('Cennik Produkcja '!F201=0,0.0001,'Cennik Produkcja '!F201) -> 0.0001 | P83: szt | Q83: ='Ceny składowe'!C25 -> 0.16 | R83: =IF(O84>1,20,0) -> 0
A84: =VLOOKUP(1,A93:B98,2,FALSE) -> KAUCZUK 10MM | B84: Izolacja | C84: =C60 -> 0.212 | D84: m2 | E84: =IF(A91=C93,E93,IF(A91=C94,E94,IF(A91=C95,E95,IF(A91=C96,E96,IF(A91=C97,E97))))) -> 26.81 | F84: =C84*E84 -> 5.68372 | G84: SILIKON UNIWERSALNY STINGER | H84: Silikon | I84: 0.05 | J84: szt | K84: ='Ceny składowe'!C78 -> 9.1 | L84: =I84*K84 -> 0.455 | M84: ŚRUBA M6X20 SKRZYDELKOWA | N84: śruba skrzydełkowa | O84: =IF('Cennik Produkcja '!F201=0,0.0001,'Cennik Produkcja '!F201) -> 0.0001 | P84: szt | Q84: 0.6
E86: Razem | F86: =F81+F82+F83+F84+C87 -> 50.034521 | K86: Razem | L86: =SUM(L80:L84) -> 17.294594 | Q86: Razem | R86: =R80+R81+R82 -> 22.740284
B87: koszt zmienny | C87: =IF(C51<200,36,IF(C51<400,38.7,IF(C51<500,35,IF(C51>=500,50)))) -> 38.7 | E87: Sprzedaż | F87: =F86*2.11 -> 105.57284 | H87: koszt zmienny | I87: =IF(I49<=200,26.4,IF(I49<=300,31.5,IF(I49<400,32.2,IF(I49<500,23.1,IF(I49<=600,12,IF(I49>600,50)))))) -> 12 | K87: Sprzedaż | L87: =I87+L86*4.7 -> 93.284592 | Q87: Sprzedaż | R87: =IF(O51<=50,R86*9,IF(O51<=100,R86*9,IF(O51<=150,R86*7.5,IF(O51<=200,R86*6.5,IF(O51>200,R86*6)))))+R83 -> 170.55213
Q88: Narzut | R88: =(R87-R86)/R86 -> 6.5
B89: Koszt pracy | H89: Koszt pracy | N89: Koszt pracy
A90: ='Cennik Produkcja '!D147 -> 10 | B90: praca + materiał | H90: praca + materiał | N90: praca + materiał
A91: =IF(A90<=10,9,IF(A90<=15,13,IF(A90<=20,19,IF(A90<=25,25,IF(A90<=35,32))))) -> 9
M92: ='Cennik Produkcja '!D201 -> 10
A93: =IF($A91=C93,1,0) -> 1 | B93: KAUCZUK 10MM | C93: 9 | E93: ='Ceny składowe'!C13 -> 26.81 | M93: =IF(M92<=10,9,IF(M92<=15,13,IF(M92<=20,19,IF(M92<=25,25,IF(M92<=35,32))))) -> 9
A94: =IF($A91=C94,1,0) -> 0 | B94: INSUL-ROLL 13 | C94: 13 | E94: ='Ceny składowe'!C14 -> 28.21
A95: =IF($A91=C95,1,0) -> 0 | B95: INSUL-ROLL 19 | C95: 19 | E95: ='Ceny składowe'!C15 -> 38.35 | M95: =IF($M93=O95,1,0) -> 1 | N95: KAUCZUK 10MM | O95: 9 | Q95: ='Ceny składowe'!C13 -> 26.81
A96: =IF($A91=C96,1,0) -> 0 | B96: KAIFLEX/ST/25/SAMOPRZYLEP | C96: 25 | E96: ='Ceny składowe'!C12 -> 45.27 | M96: =IF($M93=O96,1,0) -> 0 | N96: INSUL-ROLL 13 | O96: 13 | Q96: ='Ceny składowe'!C14 -> 28.21
A97: =IF($A91=C97,1,0) -> 0 | B97: INSUL-ROLL 32 | C97: 32 | E97: ='Ceny składowe'!C16 -> 57.07 | M97: =IF($M93=O97,1,0) -> 0 | N97: INSUL-ROLL 19 | O97: 19 | Q97: ='Ceny składowe'!C15 -> 38.35
M98: =IF($M93=O98,1,0) -> 0 | N98: KAIFLEX/ST/25/SAMOPRZYLEP | O98: 25 | Q98: ='Ceny składowe'!C12 -> 45.27
M99: =IF($M93=O99,1,0) -> 0 | N99: INSUL-ROLL 32 | O99: 32 | Q99: ='Ceny składowe'!C16 -> 57.07

Sheet Puszka rozprężna okrągła
B2: Puszka rozprężna okrągła | H2: Puszka rozprężna okrągła z nitonakrętką | N2: Puszka rozprężna okrągła z nitonakrętką izolowana
B4: D | C4: ='Cennik Produkcja '!D152 -> 315 | D4: mm | H4: D | I4: ='Cennik Produkcja '!D161 -> 340 | J4: mm | N4: D | O4: ='Cennik Produkcja '!D170 -> 390 | P4: mm
B5: L | C5: ='Cennik Produkcja '!E152 -> 250 | D5: mm | H5: L | I5: ='Cennik Produkcja '!E161 -> 225 | J5: mm | N5: L | O5: ='Cennik Produkcja '!E170 -> 250 | P5: mm
B6: Fi przyłącza | C6: ='Cennik Produkcja '!E154 -> 125 | D6: mm | H6: Fi przyłącza | I6: ='Cennik Produkcja '!E163 -> 125 | J6: mm | N6: Fi przyłącza | O6: ='Cennik Produkcja '!E172 -> 160 | P6: mm
B8: Otwór pod kolar | C8: =C6 -> 125 | D8: mm | H8: Otwór pod kolar | I8: =I6 -> 125 | J8: mm | N8: Otwór pod kolar | O8: =O6 -> 160 | P8: mm
B9: Powierchnia kolara | C9: =(C8*3.14*0.15)/1000 -> 0.058875 | D9: m2 | H9: Powierchnia kolara | I9: =(I8*3.14*0.15)/1000 -> 0.058875 | J9: m2 | N9: Powierchnia kolara | O9: =(O8*3.14*0.15)/1000 -> 0.07536 | P9: m2
B11: Powierzchnia bez otworu | C11: =((3.14*(C4/2)^2)+(((3.14*C4)+10)*(C5+10)))/1000000 -> 0.33765763 | D11: m2 | H11: Powierzchnia bez otworu | I11: =((3.14*(I4/2)^2)+(((3.14*I4)+10)*(I5+10)))/1000000 -> 0.343982 | J11: m2 | N11: Powierzchnia bez otworu | O11: =((3.14*(O4/2)^2)+(((3.14*O4)+10)*(O5+10)))/1000000 -> 0.4403945 | P11: m2
B12: Powierzchnia otworu | C12: =((C8/2)*(C8/2)*3.14)/1000000 -> 0.012265625 | D12: m2 | H12: Powierzchnia otworu | I12: =((I8/2)*(I8/2)*3.14)/1000000 -> 0.012265625 | J12: m2 | N12: Powierzchnia otworu | O12: =((O8/2)*(O8/2)*3.14)/1000000 -> 0.020096 | P12: m2
B14: Powierchnia skorygowana o otwór | C14: =C11-C12 -> 0.325392 | D14: m2 | H14: Powierchnia skorygowana o otwór | I14: =I11-I12 -> 0.33171638 | J14: m2 | N14: Powierchnia skorygowana o otwór | O14: =O11-O12 -> 0.4202985 | P14: m2
B15: Powierzchnia z kolarem | C15: =C14+C9 -> 0.384267 | D15: m2 | H15: Powierzchnia z kolarem | I15: =I14+I9 -> 0.39059138 | J15: m2 | N15: Powierzchnia z kolarem | O15: =O14+O9 -> 0.4956585 | P15: m2
H16: Powierzchnia wzmocnienia | I16: =(I4+80)*55/1000000 -> 0.0231 | J16: m2 | N16: Powierzchnia wzmocnienia | O16: =(O4+80)*55/1000000 -> 0.02585 | P16: m2
B17: Blacha | C17: 0.6
B18: Współczynnik | C18: 8 | H18: Blacha | I18: 0.6 | N18: Blacha | O18: 0.6
H19: Współczynnik | I19: 8 | N19: Współczynnik | O19: 8
B20: Gramatura | C20: =C17*C18*C15 -> 1.8444816
B21: Gramatura w T | C21: =C20/1000 -> 0.0018444816 | H21: Gramatura | I21: =I18*I19*(I15+I16) -> 1.9857186 | N21: Gramatura | O21: =O18*O19*(O15+O16) -> 2.5032408
H22: Gramatura w T | I22: =I21/1000 -> 0.0019857186 | N22: Gramatura w T | O22: =O21/1000 -> 0.0025032408
N24: Blacha 0,6 | O24: =O21 -> 2.5032408 | P24: kg
H25: Blacha 0,6 | I25: =I21 -> 1.9857186 | J25: kg
B26: Blacha 0,6 | C26: =C20 -> 1.8444816 | D26: kg | M26: KOD OPTIMA | N26: Zapotrzebowanie materiału | O26: ilość | Q26: cena jedn. | R26: wartość
G27: KOD OPTIMA | H27: Zapotrzebowanie materiału | I27: ilość | K27: cena jedn. | L27: wartość | M27: BLACHA0,60X1500 | N27: Blacha 0,6 | O27: =O21 -> 2.5032408 | P27: kg | Q27: ='Ceny składowe'!C6 -> 4.3 | R27: =O27*Q27 -> 10.763935
A28: KOD OPTIMA | B28: Zapotrzebowanie materiału | C28: ilość | E28: cena jedn. | F28: wartość | G28: BLACHA0,60X1500 | H28: Blacha 0,6 | I28: =I21 -> 1.9857186 | J28: kg | K28: ='Ceny składowe'!C6 -> 4.3 | L28: =I28*K28 -> 8.53859 | M28: NITONAKRĘTKA M6 | N28: Nitonakrętka M6 | O28: 1 | P28: szt | Q28: ='Ceny składowe'!C25 -> 0.16 | R28: =O28*Q28 -> 0.16
A29: BLACHA0,60X1500 | B29: Blacha 0,6 | C29: =C20 -> 1.8444816 | D29: kg | E29: ='Ceny składowe'!C6 -> 4.3 | F29: =C29*E29 -> 7.9312709 | G29: NITONAKRĘTKA M6 | H29: Nitonakrętka M6 | I29: 1 | J29: szt | K29: ='Ceny składowe'!C25 -> 0.16 | L29: =I29*K29 -> 0.16 | M29: =VLOOKUP(1,M39:N44,2,FALSE) -> INSUL-ROLL 19 | N29: Izolacja | O29: =O11+0.05 -> 0.4903945 | P29: m2 | Q29: =IF(M37=O39,Q39,IF(M37=O40,Q40,IF(M37=O41,Q41,IF(M37=O42,Q42,IF(M37=O43,Q43))))) -> 38.35 | R29: =O29*Q29 -> 18.806629
A30: SILIKON UNIWERSALNY STINGER | B30: Silikon | C30: 0.05 | D30: szt | E30: ='Ceny składowe'!C78 -> 9.1 | F30: =C30*E30 -> 0.455 | G30: SILIKON UNIWERSALNY STINGER | H30: Silikon | I30: 0.05 | J30: szt | K30: ='Ceny składowe'!C78 -> 9.1 | L30: =I30*K30 -> 0.455
N31: koszt zmienny | O31: =IF(O4<500,13,IF(O4>700,100,IF(O4>=500,5))) -> 13
B32: koszt zmienny | C32: =IF(C4<500,13,IF(C4>700,100,IF(C4>=500,5))) -> 13 | H32: koszt zmienny | I32: =IF(I4<500,13,IF(I4>700,100,IF(I4>=500,5))) -> 13
A33: koszt pracy | M33: koszt pracy | N33: =IF(AND(O4<200,#REF!<200),18,IF(AND(O4<300,#REF!<300),19,IF(AND(O4<500,#REF!<500),20,IF(AND(O4>=500,#REF!>=500),22,IF(AND(O4>700,#REF!>=50),40))))) -> #REF! | O33: Razem | P33: =R27+R28+R29 -> 29.730565
A34: praca + materiał | B34: =IF(AND(C4<200,#REF!<200),18,IF(AND(C4<300,#REF!<300),19,IF(AND(C4<500,#REF!<500),20,IF(AND(C4>=500,#REF!>=500),22,IF(AND(C4>700,#REF!>=50),40))))) -> #REF! | C34: Razem | D34: =F29+F30 -> 8.3862709 | G34: koszt pracy | H34: =IF(AND(I4<200,#REF!<200),18,IF(AND(I4<300,#REF!<300),19,IF(AND(I4<500,#REF!<500),20,IF(AND(I4>=500,#REF!>=500),22,IF(AND(I4>700,#REF!>=50),40))))) -> #REF! | I34: Razem | J34: =SUM(L28:L30) -> 9.15359 | M34: praca + materiał | N34: =N33+P33 -> #REF! | O34: Sprzedaż | P34: =O31+P33*4.9 -> 158.67977
B35: =B34+D34 -> #REF! | C35: Sprzedaż | D35: =C32+D34*7.7 -> 77.574286 | G35: praca + materiał | H35: =H34+J34 -> #REF! | I35: Sprzedaż | J35: =I32+J34*7.7 -> 83.482643
M36: ='Cennik Produkcja '!D174 -> 20
M37: =IF(M36<=10,9,IF(M36<=15,13,IF(M36<=20,19,IF(M36<=25,25,IF(M36<=35,32))))) -> 19
M39: =IF($M37=O39,1,0) -> 0 | N39: INSUL-ROLL 09 | O39: 9 | Q39: ='Ceny składowe'!C13 -> 26.81
M40: =IF($M37=O40,1,0) -> 0 | N40: INSUL-ROLL 13 | O40: 13 | Q40: ='Ceny składowe'!C14 -> 28.21
M41: =IF($M37=O41,1,0) -> 1 | N41: INSUL-ROLL 19 | O41: 19 | Q41: ='Ceny składowe'!C15 -> 38.35
M42: =IF($M37=O42,1,0) -> 0 | N42: KAIFLEX/ST/25/SAMOPRZYLEP | O42: 25 | Q42: ='Ceny składowe'!C12 -> 45.27
M43: =IF($M37=O43,1,0) -> 0 | N43: INSUL-ROLL 32 | O43: 32 | Q43: ='Ceny składowe'!C16 -> 57.07

Sheet Tap
B3: Receptura Tapy | G3: Trójnik okrągły z tapem
B5: A | C5: ='Cennik Produkcja '!D229 -> 1060 | D5: mm | G5: FI | H5: 0.315
B6: B | C6: ='Cennik Produkcja '!E229 -> 158 | D6: mm | G6: L | H6: 0.6
B7: L | C7: ='Cennik Produkcja '!D231 -> 150 | D7: mm
B8: wyg. | D8: mb
B9: ramka | C9: =(C5+C6+C5+C6)/1000 -> 2.436 | D9: mb
B10: narożnik | C10: 4 | D10: szt
B11: siatka | C11: =(C5*C6)/1000000 -> 0.16748 | D11: m2
B13: Powierzchnia | C13: =(((C5+C8)*C7*2)+((C6+C8)*C7*2))/1000000 -> 0.3654 | D13: m2 | G13: Powierzchnia | H13: =H5*3.14*H6 -> 0.59346 | I13: m2 | K13: Powierzchnia | L13: =H13+C13 -> 0.95886
K14: Razem kg | L14: =H18+C18 -> 4.690224
B15: Grubość blachy | C15: 0.6 | D15: mm | G15: Grubość blachy | H15: 0.6 | I15: mm
B16: Współczynnik | C16: 8 | G16: Współczynnik | H16: 8
L17: Siatka | M17: =C11 -> 0.16748
B18: Gramatura | C18: =(C13*C15*C16)*1.05 -> 1.841616 | D18: kg | G18: Gramatura | H18: =H13*H15*H16 -> 2.848608 | I18: kg | L18: Ramka | M18: =C9 -> 2.436
C19: =C18/1000 -> 0.001841616 | D19: T | H19: =H18/1000 -> 0.002848608 | I19: T | L19: Narożniki | M19: =C10 -> 4
A28: KOD OPTIMA | B28: Zapotrzebowanie materiału | C28: ilość | E28: cena jedn. | F28: wartość
A29: BLACHA0,60X1500 | B29: Blacha 0,6 | C29: =C18 -> 1.841616 | D29: kg | E29: ='Ceny składowe'!C6 -> 4.3 | F29: =E29*C29 -> 7.9189488
E31: Koszt materiału | F31: =F29 -> 7.9189488
E33: Cena H3 | F33: =IF(AND(C5<=650,C7<=200),35,IF(AND(C5<800,C7<=400),45,IF(AND(C5<=1000,C7<=1000),53,IF(AND(C5>1000,C7<=1000),60)))) -> 60
E34: Narzut | F34: =(F33-F31)/F31 -> 6.5767632

Sheet Taca ociekowa
B2: Taca ociekowa
B4: A | C4: ='Cennik Produkcja '!D390 -> 360 | D4: mm
B5: B | C5: ='Cennik Produkcja '!E390 -> 840 | D5: mm
B6: H | C6: ='Cennik Produkcja '!D392 -> 40 | D6: mm
B9: Powierzchnia | C9: =(C4+(C6*2))*(C5+(C6*2))/1000000 -> 0.4048 | D9: m2
B11: Grubość blachy | C11: =IF(C4>2000,0.9,IF(C4<=2000,0.8)) -> 0.8 | D11: mm
B12: Współczynnik | C12: 8
B14: Gramatura | C14: =(C9*C11*C12) -> 2.59072 | D14: kg
C15: =C14/1000 -> 0.00259072 | D15: T
B17: Typ (koperta, prosta) | C17: =IF('Cennik Produkcja '!F392="Kopertowa",5,0) -> 5 | D17: zł | E17: =IF(C4<=1000,C17,IF(C4>1000,C17*2)) -> 5
B18: Odpływ | C18: =IF('Cennik Produkcja '!E392="TAK",20,0) -> 0 | D18: zł
A24: KOD OPTIMA | B24: Zapotrzebowanie materiału | C24: ilość | E24: cena jedn. | F24: wartość
A25: BLACHA0,80X1500 | B25: Blacha 0,8 | C25: =IF(C4<=2000,C14,0.0001) -> 2.59072 | D25: kg | E25: ='Ceny składowe'!C7 -> 4.2 | F25: =C25*E25 -> 10.881024
A26: BLACHA0,90X1500 | B26: Blacha 0,9 | C26: =IF(C4>2000,C14,0.0001) -> 0.0001 | D26: kg | E26: ='Ceny składowe'!C8 -> 4.2 | F26: =C26*E26 -> 0.00042
A27: SILIKON UNIWERSALNY STINGER | B27: Silikon | C27: 0.02 | D27: szt. | E27: ='Ceny składowe'!C78 -> 9.1 | F27: =C27*E27 -> 0.182
E29: Koszt materiału | F29: =SUM(F25:F27) -> 11.063444
E30: dodatkowe koszty | F30: =E17+C18 -> 5
E31: SUMA | F31: =(F29+F30) -> 16.063444
E33: CENA | F33: =IF(C9<0.6,68+F30,IF(C9>=2.5,(F29*3.2)+F30,IF(C9>=0.6,(F29*3.5)+F30))) -> 73
E34: Narzut | F34: =(F33-F31)/F31 -> 3.54448

Sheet Kolar_Nypel_Mufa
B4: Kolar/Nypel/Mufa | L4: Kryza KR
B6: Średnica | G6: 80 | H6: 5.86 | L6: Średnica wewnętrzna | M6: ='Cennik Produkcja '!D376 -> 630
B7: ='Cennik Produkcja '!D306 -> 500 | G7: 100 | H7: 4.89 | L7: Średnica zewnętrzna | M7: =M6+('Cennik Produkcja '!E376*2) -> 710
G8: 125 | H8: 5.54
G9: 160 | H9: 5.86 | L9: blacha kryzy do fi400 | M9: =((3.14*((M7+11)/2)^2)-(3.14*(M6/2)^2))*6.4/1000000 -> 0.61765558 | N9: kg
G10: 200 | H10: 7.81 | L10: blacha kryzy powyżej fi400 | M10: =(((3.14*((M7+11)/2)^2)-(3.14*(M6/2)^2))*2)*6.4/1000000 -> 1.2353112 | N10: kg
G11: 225 | H11: 8.14 | L11: blacha nypla do fi400 | M11: =(M6*3.14*110)*4.8/1000000 -> 1.0444896 | N11: kg | O11: =IF('Cennik Produkcja '!D378="TAK",Kolar_Nypel_Mufa!M11,0.0001) -> 0.0001 | P11: kg
G12: 250 | H12: 8.26 | L12: blacha nypla powyżej fi400 | M12: =(M6*3.14*110)*6.4/1000000 -> 1.3926528 | N12: kg | O12: =IF('Cennik Produkcja '!D378="TAK",Kolar_Nypel_Mufa!M12,0.0001) -> 0.0001 | P12: kg
G13: 280 | H13: 8.5
G14: 315 | H14: 9.48
G15: 355 | H15: 10.94
G16: 400 | H16: 16.58
A17: KOD OPTIMA | B17: Zapotrzebowanie materiału | C17: ilość | G17: 450 | H17: 17.3 | K17: KOD OPTIMA | L17: Zapotrzebowanie materiału | M17: ilość | O17: cena jedn. | P17: wartość
A18: BLACHA0,5X137 II GAT. | B18: Blacha 0,5 | C18: =((B7*3.14*137)*4)/1000000000 -> 0.00086036 | D18: t | G18: 500 | H18: 21.31 | K18: BLACHA0,60X1500 | L18: Blacha 0,6 | M18: =IF(M6<=400,O11,0.0001) -> 0.0001 | N18: kg | O18: ='Ceny składowe'!C6 -> 4.3 | P18: =M18*O18 -> 0.00043
G19: 560 | H19: 22.72 | K19: BLACHA0,80X1500 | L19: Blacha 0,8 | M19: =IF(M6<=400,M9,M10+O12) -> 1.2354112 | N19: kg | O19: ='Ceny składowe'!C7 -> 4.2 | P19: =M19*O19 -> 5.1887269
C20: =((B7*3.14*137)*4)/1000000 -> 0.86036 | D20: kg | G20: 630 | H20: 27.3 | K20: SILIKON UNIWERSALNY STINGER | L20: silikon | M20: =IF('Cennik Produkcja '!D378="TAK",M6*0.0001,0.0001) -> 0.0001 | N20: szt | O20: ='Ceny składowe'!C78 -> 9.1 | P20: =M20*O20 -> 0.00091
G21: 710 | H21: 29.9
G22: 800 | H22: 32.2 | O22: Razem materiału | P22: =SUM(P18:P20)*7.7 -> 39.963515
O23: Cena | P23: =IF('Cennik Produkcja '!E378="TAK",Kolar_Nypel_Mufa!P22+10,P22) -> 49.963515
L25: koszt pracy | M25: =IF(M6<=250,10,IF(M6<=315,15,IF(M6<=450,20,IF(M6<=560,30,IF(M6<=700,40,IF(M6<=1000,60,IF(M6>1000,80))))))) -> 40 | N25: min. | O25: ='Ceny składowe'!M95 -> 0 | P25: =M25*O25 -> 0
N26: materiał | O26: + praca | P26: =P22+P25 -> 39.963515

Sheet Wyrzutnia ścięta osiatkowana
B3: Prostokątna | G3: Okrągła | L3: Siatka z ramką
B5: A | C5: ='Cennik Produkcja '!D214 -> 800 | G5: Fi | H5: ='Cennik Produkcja '!D221 -> 500 | L5: A | M5: ='Cennik Produkcja '!D206 -> 340 | N5: mm
B6: B | C6: ='Cennik Produkcja '!E214 -> 800 | G6: L | H6: ='Cennik Produkcja '!D223+H5 -> 600 | L6: B | M6: ='Cennik Produkcja '!E206 -> 240 | N6: mm
B7: L | C7: ='Cennik Produkcja '!D216 -> 100
B8: Przekątna (skos) | C8: =C6*(SQRT(2)) -> 1131.3708
B12: Powierzchnia kanał | C12: =(((C5*2)+(C6*2))*C7)+((((C6*2)+(C5*2))*C6)/2) -> 1600000 | G12: Powierzchnia kanał | H12: =((3.14*H5)*H6)/1000000 -> 0.942 | I12: m2 | L12: Siatka | M12: =((M5*M6)*1.1)/1000000 -> 0.08976 | N12: m2
B13: Powierzchnia skos | C13: =C5*C8 -> 905096.68 | G13: Półoś elipsy A | H13: =H5/2 -> 250 | I13: mm | L13: Narożnik 20 | M13: 4 | N13: szt
G14: Półoś elipsy B | H14: =(SQRT((H5^2)+(H5^2))/2) -> 353.55339 | I14: mm | L14: Narożnik 30 | M14: 4 | N14: szt
B15: Ramka | C15: =(C5+C5+C6+C6)/1000 -> 3.2 | D15: mb. | L15: Profil ramki | M15: =((M5*2)+(M6*2))/1000 -> 1.16 | N15: mb
B16: Narożnik | C16: 4 | D16: szt. | G16: Poierzchnia skos | H16: =((3.14*H13*H14)/1000000)*1.2 -> 0.33304729
L17: Blacha 0,6 | M17: =((M5*0.059+M6*0.059)*2)*4.8/1000 -> 0.328512 | N17: kg - | O17: Blacha 0,6 | P17: =IF(OR(M5>1000,M6>1000),0.0001,M17) -> 0.328512 | Q17: kg
B18: Siatka | C18: =C13 -> 905096.68 | G18: Siatka | H18: =(H5-8)^2/1000000 -> 0.242064 | I18: m2 | L18: Blacha 0,8 | M18: =((M5*0.059+M6*0.059)*2)*6.4/1000 -> 0.438016 | N18: kg - | O18: Blacha 0,8 | P18: =IF(OR(M5>1000,M6>1000),M18,0.0001) -> 0.0001 | Q18: kg
L19: Profil S bok B 0,6 | M19: =IF(M5>=4000,M6*0.368*4.8/1000,IF(M5>=3000,M6*0.276*4.8/1000,IF(M5>=2000,M6*0.184*4.8/1000,IF(M5>1000,M6*0.092*4.8/1000,IF(M5<=1000,0))))) -> 0 | N19: kg - | O19: Blacha 0,6 | P19: =IF(OR(M5>1000,M5>1000),M19,0) -> 0 | Q19: kg
B20: Grubość Blachy | C20: 0.6 | G20: Grubość Blachy | H20: 0.6 | L20: Profil S bok A 0,6 | M20: =IF(M6>=2500,M5*0.092*4.8/1000,IF(M6<2500,0)) -> 0 | N20: kg - | O20: Blacha 0,6 | P20: =IF(OR(M6>=2500,M6>=2500),M20,0) -> 0 | Q20: kg
B21: współczynnik | C21: 8 | G21: współczynnik | H21: 8 | L21: Wzmocnienie działowe bok B 0,8 | M21: =IF(M5>=4000,M6*0.48*6.4/1000,IF(M5>=3000,M6*0.36*6.4/1000,IF(M5>=2000,M6*0.24*6.4/1000,IF(M5>1000,M6*0.12*6.4/1000,IF(M5<=1000,0))))) -> 0 | N21: kg - | O21: Blacha 0,8 | P21: =IF(OR(M5>1000,M5>1000),M21,0) -> 0 | Q21: kg
L22: Wzmocnienie działowe bok A 0,8 | M22: =IF(M6>=2500,M5*0.12*6.4/1000,IF(M6>=1800,M5*0.06*6.4/1000,IF(M6>1000,M5*0.03*6.4/1000,IF(M6<=1000,0)))) -> 0 | N22: kg - | O22: Blacha 0,8 | P22: =IF(OR(M6>1000,M6>1000),M22,0) -> 0 | Q22: kg
B23: Waga powierzchni c.bl.0,6 | C23: =(C21*C20*C12)/1000000 -> 7.68 | D23: kg | G23: Waga powierzchni c. | H23: =H12*H20*H21 -> 4.5216 | I23: kg
C24: =C23/1000 -> 0.00768 | D24: T | H24: =H23/1000 -> 0.0045216 | I24: T
B25: Waga powierzchni c.bl.0,8 | C25: =C21*0.8*C12/1000000 -> 10.24 | D25: kg
A28: KOD OPTIMA | B28: Zapotrzebowanie materiału | C28: ilość | F28: KOD OPTIMA | G28: Zapotrzebowanie materiału | H28: ilość | K28: KOD OPTIMA | L28: Zapotrzebowanie materiału | M28: ilość | O28: cena jedn. | P28: wartość
A29: BLACHA0,60X1500 | B29: Blacha 0,6 | C29: =IF(OR(C5>1000,C6>1000),0.0001,C23) -> 7.68 | D29: kg | F29: BLACHA0,60X1500 | G29: Blacha 0,6 | H29: =H23 -> 4.5216 | I29: kg | K29: SIATKACASANET19X19 | L29: Siatka | M29: =((M5*M6)*1.1)/1000000 -> 0.08976 | N29: m2 | O29: 17 | P29: =O29*M29 -> 1.52592
A30: BLACHA0,80X1500 | B30: Blacha 0,8 | C30: =IF(OR(C5>1000,C6>1000),C25,0.0001) -> 0.0001 | D30: kg | F30: BLACHAPERFOR2 QG 10-12 | G30: Siatka | H30: =H18/3.125 -> 0.07746048 | I30: szt. | K30: NAROŻNIK-K20 | L30: Narożnik 20 | M30: =IF(OR(M5>1000,M6>1000),0.0001,4) -> 4 | N30: szt | O30: ='Ceny składowe'!C20 -> 0.27 | P30: =O30*M30 -> 1.08
A31: SIATKACASANET19X19 | B31: Siatka | C31: =C18/1000000 -> 0.90509668 | D31: m2 | F31: ALUCYNK ECO CHEMICAL | G31: lakier | H31: =IF(H5<=200,0.005,IF(H5>200,0.01)) -> 0.01 | I31: szt. | K31: NAROŻNIK-K30 | L31: Narożnik 30 | M31: =IF(OR(M5>1000,M6>1000),4,0.0001) -> 0.0001 | N31: szt | O31: 0.75 | P31: =O31*M31 -> 7.5e-05
A32: NAROŻNIK-K20 | B32: Narożnik 20 | C32: =IF(OR(C5>1000,C6>1000),0.0001,C16) -> 4 | D32: szt. | K32: PROFILRAMKI20-P | L32: Profil ramki K20 | M32: =IF(OR(M5>1000,M6>1000),0.0001,M15) -> 1.16 | N32: mb | O32: ='Ceny składowe'!C34 -> 1.89 | P32: =O32*M32 -> 2.1924
A33: NAROŻNIK-K30 | B33: Narożnik 30 | C33: =IF(OR(C5>1000,C6>1000),C16,0.0001) -> 0.0001 | D33: szt. | G33: Blacha 0,6 | H33: =H29 -> 4.5216 | I33: ='Ceny składowe'!C6 -> 4.3 | J33: =H33*I33 -> 19.44288 | K33: PROFILRAMKI30-P | L33: Profil ramki K30 | M33: =IF(OR(M5>1000,M6>1000),M15,0.0001) -> 0.0001 | N33: mb | O33: 2.71 | P33: =O33*M33 -> 0.000271
A34: PROFILRAMKI20-P | B34: Profil ramki 20 | C34: =IF(OR(C5>1000,C6>1000),0.0001,C15) -> 3.2 | D34: mb | G34: siatka | H34: =H30 -> 0.07746048 | I34: ='Ceny składowe'!C67 -> 100 | J34: =H34*I34 -> 7.746048 | K34: BLACHA0,60X1500 | L34: Blacha 0,6 | M34: =P17+P19+P20 -> 0.328512 | N34: kg | O34: ='Ceny składowe'!C6 -> 4.3 | P34: =M34*O34 -> 1.4126016
A35: PROFILRAMKI30-P | B35: Profil ramki 30 | C35: =IF(OR(C5>1000,C6>1000),C15,0.0001) -> 0.0001 | D35: mb | G35: lakier | H35: =H31 -> 0.01 | I35: ='Ceny składowe'!C71 -> 14.9 | J35: =H35*I35 -> 0.149 | K35: BLACHA0,80X1500 | L35: Blacha 0,8 | M35: =P18+P21+P22 -> 0.0001 | N35: kg | O35: 4.06 | P35: =M35*O35 -> 0.000406
I36: koszt materiału | J36: =J33+J34+J35 -> 27.337928
F37: koszt pracy | G37: =_xlfn.IFS( H5<=200, 10, H5<=250, 11, H5<=315, 13, H5<=500, 15, H5<=710, 20, H5<=1000, 25 ) -> 15 | H37: min. | I37: ='Ceny składowe'!C94 -> 0.7 | J37: =G37*I37 -> 10.5
H38: materiał | I38: + praca | J38: =J36+J37 -> 37.837928
C39: cena jedn. | D39: wartość
B40: Blacha 0,6 | C40: ='Ceny składowe'!C6 -> 4.3 | D40: =C29*C40 -> 33.024 | G40: 100 | H40: 36.34 | I40: Cena | J40: ='Cennik Produkcja '!G221 -> 117.94 | O40: Koszt materiału | P40: =SUM(P29:P35) -> 6.2116736
B41: Blacha 0,8 | C41: ='Ceny składowe'!C7 -> 4.2 | D41: =C30*C41 -> 0.00042 | G41: 125 | H41: 37.61 | I41: Narzut | J41: =(J40-J38)/J38 -> 2.1169783
B42: Siatka | C42: ='Ceny składowe'!C42 -> 17.2 | D42: =C31*C42 -> 15.567663 | G42: 160 | H42: 41.75 | O42: Cena H3 | P42: =P40 * (( IF(M5<=200, 9, IF(M5<=250, 8.2, IF(M5<=300, 7.5, IF(M5<=350, 6.8, IF(M5<=400, 6.2, IF(M5<1000, 5.6, IF(M5=1000, 5.4, IF(M5<=1500, 3.7, 3.3)))))))) + IF(M6<=200, 9, IF(M6<=250, 8.2, IF(M6<=300, 7.5, IF(M6<=350, 6.8, IF(M6<=400, 6.2, IF(M6<1000, 5.6, IF(M6=1000, 5.4, IF(M6<=1500, 3.7, 3.3)))))))) ) / 2) -> 46.587552
B43: Narożnik 20 | C43: ='Ceny składowe'!C20 -> 0.27 | D43: =C32*C43 -> 1.08 | G43: 180 | H43: 43.46 | O43: Narzut | P43: =(P42-O46)/O46 -> 1.7877251
B44: Narożnik 30 | C44: 0.75 | D44: =C33*C44 -> 7.5e-05 | G44: 200 | H44: 45.17
B45: Profil ramki 20 | C45: ='Ceny składowe'!C34 -> 1.89 | D45: =C34*C45 -> 6.048 | G45: 225 | H45: 49.91 | K45: koszt pracy | L45: =_xlfn.IFS( AND(M5<=500, M6<=500), 15, AND(M5<=1000, M6<=1000), 20, AND(M5<=2000, M6<=1000), 35, AND(M5<=1000, M6<=2000), 35, AND(M5<=2000, M6<=2000), 40, AND(M5<=3000, M6<=2000), 80, AND(M5<=2000, M6<=3000), 80, AND(M5<=3000, M6<=3000), 100, AND(M5<=4000, M6<=3000), 130, AND(M5<=3000, M6<=4000), 130, AND(M5<=4000, M6<=4000), 150, AND(M5<5000, M6<=4000), 180, AND(M5<=4000, M6<5000), 180, AND(M5<5000, M6<5000), 200 ) -> 15 | M45: min. | N45: ='Ceny składowe'!C94 -> 0.7 | O45: =L45*N45 -> 10.5
B46: Profil ramki 30 | C46: ='Ceny składowe'!C36 -> 2.92 | D46: =C35*C46 -> 0.000292 | G46: 250 | H46: 54.65 | M46: materiał | N46: + praca | O46: =P40+O45 -> 16.711674
C47: Koszt materiału | D47: =SUM(D40:D46) -> 55.72045 | G47: 280 | H47: 56.81
G48: 315 | H48: 64.89
C49: Cena H3 | D49: =IF(AND(C5<200,C6<200),D47*10.4,IF(AND(C5<=300,C6<=300),D47*9,IF(AND(C5>=300,C6>=300),D47*6,IF(AND(C5>=300,C6<300),D47*7,IF(AND(C5<300,C6>=300),D47*7))))) -> 334.3227 | G49: 355 | H49: 73.12
C50: Narzut | D50: =(D49-E53)/E53 -> 2.6851967 | G50: 400 | H50: 86.47
G51: 450 | H51: 99.96
A52: koszt pracy | B52: =_xlfn.IFS( MAX(C5,C6)<=500, 30, MAX(C5,C6)<=800, 50, MAX(C5,C6)<=1000, 60, MAX(C5,C6)<=1500, 90, MAX(C5,C6)<=2000, 120, MAX(C5,C6)<=3000, 150, MAX(C5,C6)<=4000, 180 ) -> 50 | C52: min. | D52: ='Ceny składowe'!C94 -> 0.7 | E52: =B52*D52 -> 35 | G52: 500 | H52: 117.94
C53: materiał | D53: + praca | E53: =D47+E52 -> 90.72045 | G53: 560 | H53: 128.51
G54: 600 | H54: 136.95
G55: 630 | H55: 153.41
G56: 710 | H56: 172.2
G57: 800 | H57: 187.43
G58: 810 | H58: 208
G59: 900 | H59: 215.51
G60: 1000 | H60: 243.6

Sheet Podstawa dachowa okrągła
B3: Podstawa Dachowa okrąga PDII-O
B6: A | C6: ='Cennik Produkcja '!D244 -> 570 | D6: mm
B7: B | C7: ='Cennik Produkcja '!E244 -> 730 | D7: mm
B8: Fi | C8: ='Cennik Produkcja '!D242+0.0001 -> 315.0001 | D8: mm | F8: Góra - 150mm
B9: L FI | C9: ='Cennik Produkcja '!E242+0.0001 -> 1000.0001 | D9: mm
B10: L wygięcia | C10: 50 | D10: mm | F10: wyg p. - 50mm
F11: długość rury
B12: Powierzchnia czapy | C12: =((C6*C7)-(((C8/2)*(C8/2))*3.14))/1000000 -> 0.33820833 | D12: m2
B13: Powierzchnia połączenia czapy z rurą | C13: =(C8*3.14)*100/1000000+0.025 -> 0.12391003 | D13: m2
B14: Powierzchnia rury | C14: =(((C8*3.14)+7)*C9)/1000000 -> 0.99610041 | D14: m2
B15: Powierzchnia wygięcia | C15: =((C6+C7+C6+C7)*C10)/1000000 -> 0.13 | D15: m2
B17: Powierzchnia całk | C17: =C12+C13+C14+C15 -> 1.5882188 | D17: m2
B19: Grubość Blachy | C19: 0.8 | D19: 0.6
B20: współczynnik | C20: 8
I21: Wartość rury
B22: Waga powierzchni c. | C22: =C19*C20*C17 -> 10.1646 | D22: kg | I22: drut do zgrzewarki liniowej | J22: ='Ceny składowe'!C79 -> 2.1 | K22: mb.
C23: =C22/1000 -> 0.0101646 | D23: T | I23: długość rury | J23: =C9/1000 -> 1.0000001 | K23: mb.
I24: Cena za drut | J24: =J23*J22 -> 2.1000002
A25: KOD OPTIMA | B25: Zapotrzebowanie materiału | C25: ilość | E25: cena jedn. | F25: wartość pod. | G25: wartość rury | I25: koszt pracy (sama rura) | J25: =IF(C9>20,10,0) -> 10
A26: BLACHA0,60X1500 | B26: Blacha 0,6 | C26: =(C13+C14)*D19*C20 -> 5.3760501 | D26: kg | E26: ='Ceny składowe'!C6 -> 4.3 | F26: =(C13*D19*C20)*E26 -> 2.557503 | G26: =((C14*4.8)*E26)+J24+J25+J26 -> 52.659513 | I26: koszt pracy (rura do podstawy) | J26: =IF(C9>20,20,0) -> 20
A27: BLACHA0,80X1500 | B27: Blacha 0,8 | C27: =(C12+C15)*C19*C20 -> 2.9965333 | D27: kg | E27: ='Ceny składowe'!C7 -> 4.2 | F27: =C27*E27 -> 12.58544
E29: Razem koszt | F29: =F26+F27 -> 15.142943
E31: Cena H3 | F31: =_xlfn.IFS( C8<125, F29*18.1+G26, C8<160, F29*18.6+G26, C8<200, F29*17+G26, C8<250, F29*17.2+G26, C8<315, F29*17+G26, C8<400, F29*17.6+G26, C8>=400, F29*21.3+G26 ) -> 319.17531
E32: Narzut | F32: =(F31-F29)/F29 -> 20.077495

Sheet Kolar osiatkowany ILS
B5: Kolar osiatkowany ILS
B7: Średnica
B8: ='Cennik Produkcja '!D313 -> 150
H9: Średnica | I9: Cena AJP H3
B10: blacha do fi700 | C10: =(((B8*3.14*110)*4.8)/1000000)*1.1 -> 0.2735568 | D10: kg | H10: 100 | I10: 10.79
A11: wzmocnienie | B11: blacha do fi1000 | C11: =(B8*0.04+B8*0.092)*4.8/1000+C10 -> 0.3685968 | D11: kg | H11: 125 | I11: 11.44
A12: 2x wzmocnienie | B12: blacha powyżej fi1000 | C12: =((B8*0.04+B8*0.092)*2)*4.8/1000+C10 -> 0.4636368 | D12: kg | H12: 160 | I12: 14.61
B13: powierzchnia siatki | C13: =((((B8/2)^2)*3.14)/1000000)*1.2 -> 0.021195 | D13: m2 | H13: 200 | I13: 18.25
H14: 250 | I14: 26.65
H15: 315 | I15: 32.63
H16: 355 | I16: 38.61
A17: KOD OPTIMA | B17: Zapotrzebowanie materiału | C17: ilość | E17: cena jedn. | F17: wartość | H17: 400 | I17: 51
H18: 450 | I18: 59
A19: BLACHA0,60X1500 | B19: Blacha 0,6 | C19: =IF(B8>1000,C12,IF(B8>700,C11,IF(B8<=700,C10))) -> 0.2735568 | D19: kg | E19: ='Ceny składowe'!C6 -> 4.3 | F19: =E19*C10 -> 1.1762942 | H19: 500 | I19: 69
A20: BLACHAPERFOR2 QG 10-12 | B20: Siatka perforowana | C20: =IF(B8<=1000,C13/3.125,0.0001) -> 0.0067824 | D20: szt. | E20: ='Ceny składowe'!C67 -> 100 | F20: =E20*C20 -> 0.67824 | H20: 560 | I20: 80
A21: SIATKACASANET19X19 | B21: siatka tradycyjna | C21: =IF(B8>1000,C13,0.0001) -> 0.0001 | D21: m2 | E21: ='Ceny składowe'!C42 -> 17.2 | F21: =C21*E21 -> 0.00172 | H21: 710 | I21: 96
H22: 800 | I22: 110
E23: Razem Koszt | F23: =SUM(F19:F22) -> 1.8562542 | H23: 900 | I23: 120
H24: 1000 | I24: 130
B25: koszt pracy | C25: =IF(B8<=250,7,IF(B8<=315,10,IF(B8<=450,15,IF(B8<=560,20,IF(B8<=700,30,IF(B8<=1000,50,IF(B8>1000,60))))))) -> 7 | D25: min. | E25: ='Ceny składowe'!C94 -> 0.7 | F25: =C25*E25 -> 4.9 | H25: 1100 | I25: 140
D26: materiał | E26: + praca | F26: =F23+F25 -> 6.7562542 | H26: 1200 | I26: 150
H27: 1250 | I27: 155

Sheet Kołnierz elastyczny
B4: Prostokątny kołnierz elastyczny | I4: Okrągły kołnierz elastyczny
B6: A | C6: ='Cennik Produkcja '!D292 -> 500 | I6: fi | J6: ='Cennik Produkcja '!D299 -> 250 | K6: mb | O6: 100 | P6: 31.57
B7: B | C7: ='Cennik Produkcja '!E292 -> 200 | O7: 125 | P7: 32.86
I8: Obwód | J8: =(J6*3.14)/1000 -> 0.785 | K8: mb | O8: 160 | P8: 35.05
B9: Obwód | C9: =(C6+C6+C7+C7)/1000 -> 1.4 | D9: mb | I9: Opakowanie | J9: 25 | K9: mb | O9: 180 | P9: 36.2
B10: Ramka | C10: =C9*2 -> 2.8 | D10: mb | O10: 200 | P10: 37.42
B11: Narożniki | C11: 8 | D11: szt | I11: Część opakowania | J11: =J8/J9 -> 0.0314 | O11: 250 | P11: 39.79
B12: Opakowanie | C12: 25 | D12: mb | O12: 315 | P12: 43.28
O13: 355 | P13: 45.05
B14: Część opakowania | C14: =(C9/C12) -> 0.056 | O14: 400 | P14: 47.03
O15: 450 | P15: 49.32
O16: 500 | P16: 51.6
O17: 560 | P17: 54.17
A18: KOD OPTIMA | B18: Zapotrzebowanie materiału | C18: ilość | E18: cena jedn. | F18: wartość | H18: KOD OPTIMA | I18: Zapotrzebowanie materiału | J18: ilość | L18: cena jedn. | M18: wartość | O18: 630 | P18: 57.35
A19: NAROŻNIK-K20 | B19: Narożnik K20 | C19: =IF(OR(C6>1000,C7>1000),0.0001,8) -> 8 | D19: szt | E19: ='Ceny składowe'!C20 -> 0.27 | F19: =E19*C19 -> 2.16 | H19: KOŁNIERZAMORTYZUJACY (CN) | I19: Taśma amortyzująca | J19: =J8*1.1 -> 0.8635 | K19: mb | L19: ='Ceny składowe'!C17 -> 3.06 | M19: =L19*J19 -> 2.64231 | O19: 710 | P19: 61.76
A20: NAROŻNIK-K30 | B20: Narożnik K30 | C20: =IF(OR(C6>1000,C7>1000),8,0.0001) -> 0.0001 | D20: szt | E20: ='Ceny składowe'!C22 -> 0.75 | F20: =E20*C20 -> 7.5e-05 | O20: 800 | P20: 65.6
A21: PROFILRAMKI20-P | B21: Profil ramki K20 | C21: =IF(OR(C6>1000,C7>1000),0.0001,((C6+C6+C7+C7)*2)/1000) -> 2.8 | D21: mb | E21: ='Ceny składowe'!C34 -> 1.89 | F21: =E21*C21 -> 5.292 | O21: 900 | P21: 70.97
A22: PROFILRAMKI30-P | B22: Profil ramki K30 | C22: =IF(OR(C6>1000,C7>1000),((C6+C6+C7+C7)*2)/1000,0.0001) -> 0.0001 | D22: szt | E22: ='Ceny składowe'!C36 -> 2.92 | F22: =E22*C22 -> 0.000292 | O22: 1000 | P22: 76.58
A23: KOŁNIERZAMORTYZUJACY (CN) | B23: Taśma amortyzująca | C23: =C9*1.1 -> 1.54 | D23: mb | E23: ='Ceny składowe'!C17 -> 3.06 | F23: =E23*C23 -> 4.7124 | O23: 1120 | P23: 81.74
L24: Razem Koszt | M24: =SUM(M19:M21) -> 2.64231
E25: Razem Koszt | F25: =SUM(F19:F24) -> 12.164767
I26: koszt pracy | J26: =IF(J6<=200,10,IF(J6<=400,12,IF(J6<=800,15,IF(J6<=1120,18)))) -> 12 | K26: min. | L26: ='Ceny składowe'!C94 -> 0.7 | M26: =J26*L26 -> 8.4
E27: Cena H3 | F27: =IF(D49=E49,F51,F52) -> 99.6194 | K27: materiał | L27: + praca | M27: =M24+M26 -> 11.04231
E28: Narzut | F28: =(F27-F31)/F31 -> 2.3581723
B30: koszt pracy | C30: =IF(AND(C6<=1000,C7<=1000),25,IF(AND(C6<=1000,C7>1000),30,IF(AND(C6>1000,C7<=1000),30,IF(AND(C6>1000,C7>1000),40)))) -> 25 | D30: min. | E30: ='Ceny składowe'!C94 -> 0.7 | F30: =C30*E30 -> 17.5
D31: materiał | E31: + praca | F31: =F25+F30 -> 29.664767
B33: marża | C33: Cena | D33: A (szerokość) | E33: B (wysokość) | F33: średnia sym.
A34: <=200 | B34: 8.65 | C34: =ROUND(F25*(1+B34),2) -> 117.39 | D34: =IF(C6<=200,C34,0) -> 0 | E34: =IF(C7<=200,C34,0) -> 117.39 | F34: =IF(AND(D34>0,E34>0),D34) -> FALSE
A35: <=300 | B35: 7.55 | C35: =ROUND(F25*(1+B35),2) -> 104.01 | D35: =IF(AND(C6<=300,C6>200),C35,0) -> 0 | E35: =IF(AND(C7<=300,C7>200),C35,0) -> 0 | F35: =IF(AND(D35>0,E35>0),D35) -> FALSE
A36: <=400 | B36: 6.89 | C36: =ROUND(F25*(1+B36),2) -> 95.98 | D36: =IF(AND(C6<=400,C6>300),C36,0) -> 0 | E36: =IF(AND(C7<=400,C7>300),C36,0) -> 0 | F36: =IF(AND(D36>0,E36>0),D36) -> FALSE
A37: <=500 | B37: 6.5 | C37: =ROUND(F25*(1+B37),2) -> 91.24 | D37: =IF(AND(C6<=500,C6>400),C37,0) -> 91.24 | E37: =IF(AND(C7<=500,C7>400),C37,0) -> 0 | F37: =IF(AND(D37>0,E37>0),D37) -> FALSE
A38: <=600 | B38: 6.19 | C38: =ROUND(F25*(1+B38),2) -> 87.46 | D38: =IF(AND(C6<=600,C6>500),C38,0) -> 0 | E38: =IF(AND(C7<=600,C7>500),C38,0) -> 0 | F38: =IF(AND(D38>0,E38>0),D38) -> FALSE
A39: <=700 | B39: 5.96 | C39: =ROUND(F25*(1+B39),2) -> 84.67 | D39: =IF(AND(C6<=700,C6>600),C39,0) -> 0 | E39: =IF(AND(C7<=700,C7>600),C39,0) -> 0 | F39: =IF(AND(D39>0,E39>0),D39) -> FALSE
A40: <=800 | B40: 5.78 | C40: =ROUND(F25*(1+B40),2) -> 82.48 | D40: =IF(AND(C6<=800,C6>700),C40,0) -> 0 | E40: =IF(AND(C7<=800,C7>700),C40,0) -> 0 | F40: =IF(AND(D40>0,E40>0),D40) -> FALSE
A41: <=900 | B41: 5.66 | C41: =ROUND(F25*(1+B41),2) -> 81.02 | D41: =IF(AND(C6<=900,C6>800),C41,0) -> 0 | E41: =IF(AND(C7<=900,C7>800),C41,0) -> 0 | F41: =IF(AND(D41>0,E41>0),D41) -> FALSE
A42: <=1000 | B42: 5.77 | C42: =ROUND(F25*(1+B42),2) -> 82.36 | D42: =IF(AND(C6<=1000,C6>900),C42,0) -> 0 | E42: =IF(AND(C7<=1000,C7>900),C42,0) -> 0 | F42: =IF(AND(D42>0,E42>0),D42) -> FALSE
A43: <=1200 | B43: 3.8 | C43: =ROUND(F25*(1+B43),2) -> 58.39 | D43: =IF(AND(C6<=1200,C6>1000),C43,0) -> 0 | E43: =IF(AND(C7<=1200,C7>1000),C43,0) -> 0 | F43: =IF(AND(D43>0,E43>0),D43) -> FALSE
A44: <=1400 | B44: 3.73 | C44: =ROUND(F25*(1+B44),2) -> 57.54 | D44: =IF(AND(C6<=1400,C6>1200),C44,0) -> 0 | E44: =IF(AND(C7<=1400,C7>1200),C44,0) -> 0 | F44: =IF(AND(D44>0,E44>0),D44) -> FALSE
A45: <=1600 | B45: 3.69 | C45: =ROUND(F25*(1+B45),2) -> 57.05 | D45: =IF(AND(C6<=1600,C6>1400),C45,0) -> 0 | E45: =IF(AND(C7<=1600,C7>1400),C45,0) -> 0 | F45: =IF(AND(D45>0,E45>0),D45) -> FALSE
A46: <=1800 | B46: 3.65 | C46: =ROUND(F25*(1+B46),2) -> 56.57 | D46: =IF(AND(C6<=1800,C6>1600),C46,0) -> 0 | E46: =IF(AND(C7<=1800,C7>1600),C46,0) -> 0 | F46: =IF(AND(D46>0,E46>0),D46) -> FALSE
A47: <=1999 | B47: 3.64 | C47: =ROUND(F25*(1+B47),2) -> 56.44 | D47: =IF(AND(C6<=1999,C6>1800),C47,0) -> 0 | E47: =IF(AND(C7<=1999,C7>1800),C47,0) -> 0 | F47: =IF(AND(D47>0,E47>0),D47) -> FALSE
A48: >=2000 | B48: 4.43 | C48: =ROUND(F25*(1+B48),2) -> 66.05 | D48: =IF(C6>=2000,C48,0) -> 0 | E48: =IF(C7>=2000,C48,0) -> 0 | F48: =IF(AND(D48>0,E48>0),D48) -> FALSE
D49: =SUM(D34:D48) -> 91.24 | E49: =SUM(E34:E48) -> 117.39 | F49: =SUM(F34:F48) -> 0
C51: średnia sym. | D51: =D49 -> 91.24 | E51: =F49 -> 0 | F51: =AVERAGE(D49,E51) -> 45.62
C52: średnia asym. | D52: =D49 -> 91.24 | E52: =IF(AND(C7<=200,C6<=500),E49*(1-8%),IF(AND(C7<=200,C6<=1000),E49*(1-14%),IF(AND(C7<=500,C6<=500),E49*(1-1%),IF(AND(C7<=1000,C6<=1000),E49*(1-1%))))) -> 107.9988 | F52: =AVERAGE(D52,E52) -> 99.6194

Sheet Filtr 
B3: filtr kasetowy | I3: Filtr włókninowy do puszki
B5: A szerokość | C5: ='Cennik Produkcja '!D326 -> 795 | I5: A szerokość | J5: ='Cennik Produkcja '!D333 -> 395
B6: B wysokość | C6: ='Cennik Produkcja '!E326 -> 195 | I6: B wysokość | J6: ='Cennik Produkcja '!E333 -> 770
B7: L | C7: ='Cennik Produkcja '!D328 -> 50 | I7: L | J7: ='Cennik Produkcja '!D335 -> 145
I8: Typ | J8: ='Cennik Produkcja '!E335 -> W
B10: Powierzchnia | C10: =(C5*C6)/1000000 -> 0.155025 | D10: m2
B12: Włóknina | C12: =((IF(C7=100, (ROUNDUP(C5/140, 0) * (2*90)), IF(C7=50, (ROUNDUP(C5/80, 0) * (2*40)), C5+40)) * (C6+40)) / 1000000) -> 0.188 | D12: m2 | I12: Włóknina | J12: =IF(J8="P", ((J5+40)*(J6+40))/1000000, IF(J8="W", (((4*SQRT(POWER(J7,2)+POWER(J5/4,2)))+40)*(J6+40))/1000000, "Błąd")) -> 0.6008013 | K12: m2
B13: Siatka | C13: =((IF(C7=100, (ROUNDUP(C5/140, 0) * (2*92)), IF(C7=50, (ROUNDUP(C5/80, 0) * (2*42)), C5+40)) * C6) / 1000000) -> 0.1638 | D13: m2 | I13: Siatka | J13: =IF(J8="P", (J5*J6)/1000000, IF(J8="W", ((4*SQRT(POWER(J7,2)+POWER(J5/4,2)))*J6)/1000000, "Błąd")) -> 0.5403321 | K13: m2
B14: Powierzrchnia blachy | C14: =(((C7+50)*(C6+C6+C5+C5))/1000000)*1.1 -> 0.2178
D16: Częśc opakowania | K16: Częśc opakowania
D17: 40 | E17: =1/40*C12 -> 0.0047 | K17: 40 | L17: =1/40*J12 -> 0.015020033
D18: 20 | E18: =1/20*C10 -> 0.00775125 | K18: 20 | L18: =1/20*J10 -> 0
B20: Blacha | C20: 0.6
B21: Współczynnik | C21: 8
B23: Gramatura | C23: =C21*C20*C14 -> 1.04544 | D23: kg
B24: Gramatura w T | C24: =C23/1000 -> 0.00104544
A27: KOD OPTIMA | B27: Zapotrzebowanie materiału | C27: ilość | D27: cena j. | E27: wartość | H27: KOD OPTIMA | I27: Zapotrzebowanie materiału | J27: ilość | K27: cena j. | L27: wartość
A28: BLACHA0,60X1500 | B28: Blacha | C28: =C23 -> 1.04544 | D28: ='Ceny składowe'!C6 -> 4.3 | E28: =D28*C28 -> 4.495392 | H28: SIATKACASANET19X19 | I28: Siatka | J28: =J13 -> 0.5403321 | K28: ='Ceny składowe'!C42 -> 17.2 | L28: =K28*J28 -> 9.2937122
A29: SIATKACASANET19X19 | B29: Siatka | C29: =C13 -> 0.1638 | D29: ='Ceny składowe'!C42 -> 17.2 | E29: =D29*C29 -> 2.81736 | H29: WŁOKNINAFILTRG3/2000/20000 | I29: Włóknina | J29: =J12 -> 0.6008013 | K29: ='Ceny składowe'!C43 -> 5.79 | L29: =K29*J29 -> 3.4786396
A30: WŁOKNINAFILTRG3/2000/20000 | B30: Włóknina | C30: =C12 -> 0.188 | D30: ='Ceny składowe'!C43 -> 5.79 | E30: =C30*D30 -> 1.08852
K31: Razem koszt | L31: =SUM(L28:L30) -> 12.772352
D32: Razem koszt | E32: =SUM(E28:E31) -> 8.401272
K33: Cena H3 | L33: =L38 * (1 +80%) -> 41.890233
D34: Cena H3 | E34: =E38 * (1 + ( IF(C5<=300, 120%, IF(C5<=400, 110%, IF(C5<=500, 100%, 90%))) + IF(C6<=300, 120%, IF(C6<=400, 110%, IF(C6<=500, 100%, 90%))) ) / 2) -> 49.381289 | K34: Narzut | L34: =(L33-L31)/L31 -> 2.2797588
A37: koszt pracy | B37: =16.67 + ((C5*C6)/360000)*13.33 -> 22.410231 | C37: min. | D37: ='Ceny składowe'!C94 -> 0.7 | E37: =B37*D37 -> 15.687162 | H37: koszt pracy | I37: =IF(J8="P",10,IF(J8="W",15)) -> 15 | J37: min. | K37: ='Ceny składowe'!C94 -> 0.7 | L37: =I37*K37 -> 10.5
C38: materiał | D38: + praca | E38: =E32+E37 -> 24.088434 | J38: materiał | K38: + praca | L38: =L31+L37 -> 23.272352

Sheet Cokół COKD
A4: Cokół dachowy nieizolowany | B4: COKD | H4: Cokół dachowy izolowany kauczukiem | I4: COKD-I-A | O4: Cokół dachowy izolowany wełną tłumiącą | P4: COKD-I-W | V4: Cokół dachowy izolowany wełną ventilam | W4: COKD-I-W-V
A6: A podstawa | B6: =B9+200 -> 400 | H6: C podstawa | I6: =I9+200 -> 890 | O6: C podstawa | P6: =P9+200 -> 600 | V6: C podstawa | W6: =W9+200 -> 1300
A7: B podstawa | B7: =B10+200 -> 400 | H7: D podstawa | I7: =I10+200 -> 890 | O7: D podstawa | P7: =P10+200 -> 600 | V7: D podstawa | W7: =W10+200 -> 600
A8: L | B8: ='Cennik Produkcja '!D82 -> 600 | H8: L | I8: ='Cennik Produkcja '!D96 -> 898 | O8: L | P8: ='Cennik Produkcja '!D103 -> 750 | V8: L | W8: ='Cennik Produkcja '!D110 -> 600
A9: C zew boki | B9: ='Cennik Produkcja '!D80 -> 200 | H9: A zew boki | I9: ='Cennik Produkcja '!D94 -> 690 | O9: A zew boki | P9: ='Cennik Produkcja '!D101 -> 400 | V9: A zew boki | W9: ='Cennik Produkcja '!D108 -> 1100
A10: D zew boki | B10: ='Cennik Produkcja '!E80 -> 200 | H10: B zew boki | I10: ='Cennik Produkcja '!E94 -> 690 | O10: B zew boki | P10: ='Cennik Produkcja '!E101 -> 400 | V10: B zew boki | W10: ='Cennik Produkcja '!E108 -> 400
A11: E wew góra | B11: =B9-100 -> 100 | H11: E wew góra | I11: =I9-50 -> 640 | O11: E wew góra | P11: =P9-100 -> 300 | V11: E wew góra | W11: =W9-100 -> 1000
A12: F wew góra | B12: =B10-100 -> 100 | H12: F wew góra | I12: =I10-50 -> 640 | O12: F wew góra | P12: =P10-100 -> 300 | V12: F wew góra | W12: =W10-100 -> 300
A15: Ramki | B15: =(B9+B10+B9+B10)/1000 -> 0.8 | H15: Ramki | I15: =(I9+I10+I9+I10)/1000 -> 2.76 | O15: Ramki | P15: =(P9+P10+P9+P10)/1000 -> 1.6 | V15: Ramki | W15: =(W9+W10+W9+W10)/1000 -> 3
A16: Powirzchnia góry | B16: =(((B9*B10)-(B11*B12))/1000000)*1.1 -> 0.033 | H16: Powirzchnia góry | I16: =(((I9*I10)-(I11*I12))/1000000)*1.1 -> 0.07315 | O16: Powirzchnia góry | P16: =(((P9*P10)-(P11*P12))/1000000)*1.1 -> 0.077 | V16: Powirzchnia góry | W16: =(((W9*W10)-(W11*W12))/1000000)*1.1 -> 0.154
A17: Powierzchnia podstawy | B17: =(((B6*B7)-(B9*B10))/1000000)*1.1 -> 0.132 | H17: Powierzchnia podstawy | I17: =(((I6*I7)-(I9*I10))/1000000)*1.1 -> 0.3476 | O17: Powierzchnia podstawy | P17: =(((P6*P7)-(P9*P10))/1000000)*1.1 -> 0.22 | V17: Powierzchnia podstawy | W17: =(((W6*W7)-(W9*W10))/1000000)*1.1 -> 0.374
A18: Powierzchnia boków | B18: =((((B9*B8)*2)+((B10*B8)*2))/1000000)*1.1 -> 0.528 | C18: Izolacja | H18: Powierzchnia boków | I18: =((((I9*I8)*2)+((I10*I8)*2))/1000000)*1.1 -> 2.726328 | J18: Izolacja | O18: Powierzchnia boków | P18: =((((P9*P8)*2)+((P10*P8)*2))/1000000)*1.1 -> 1.32 | Q18: Izolacja | V18: Powierzchnia boków | W18: =((((W9*W8)*2)+((W10*W8)*2))/1000000) -> 1.8 | X18: Izolacja
A19: Powierzchnia całkowita | B19: =B16+B17+B18 -> 0.693 | H19: Powierzchnia całkowita | I19: =I16+I17+I18 -> 3.147078 | O19: Powierzchnia całkowita | P19: =P16+P17+P18 -> 1.617 | V19: Powierzchnia całkowita | W19: =W16+W17+W18 -> 2.328
A21: Grubość blachy | B21: 0.8 | H21: Grubość blachy | I21: 0.8 | O21: Grubość blachy | P21: 0.8 | V21: Grubość blachy | W21: 0.8
A22: Współczynnik | B22: 8 | H22: Współczynnik | I22: 8 | O22: Współczynnik | P22: 8 | V22: Współczynnik | W22: 8
A24: Gramatura kg | B24: =B22*B21*B19 -> 4.4352 | H24: Gramatura kg | I24: =I22*I21*I19 -> 20.141299 | O24: Gramatura kg | P24: =P22*P21*P19 -> 10.3488 | V24: Gramatura kg | W24: =W22*W21*W19 -> 14.8992
A25: Gramatura T | B25: =B24/1000 -> 0.0044352 | H25: Gramatura T | I25: =I24/1000 -> 0.020141299 | O25: Gramatura T | P25: =P24/1000 -> 0.0103488 | V25: Gramatura T | W25: =W24/1000 -> 0.0148992
A28: KOD OPTIMA | B28: Zapotrzebowanie materiału | C28: ilość | E28: cena jedn. | F28: wartość | H28: KOD OPTIMA | I28: Zapotrzebowanie materiału | J28: ilość | L28: cena jedn. | M28: wartość | O28: KOD OPTIMA | P28: Zapotrzebowanie materiału | Q28: ilość | S28: cena jedn. | T28: wartość | V28: KOD OPTIMA | W28: Zapotrzebowanie materiału | X28: ilość | Z28: cena jedn. | AA28: wartość
A29: BLACHA0,80X1500 | B29: Blacha | C29: =B24 -> 4.4352 | D29: kg | E29: ='Ceny składowe'!C7 -> 4.2 | F29: =E29*C29 -> 18.62784 | H29: BLACHA0,80X1500 | I29: Blacha | J29: =I24 -> 20.141299 | K29: kg | L29: ='Ceny składowe'!C7 -> 4.2 | M29: =L29*J29 -> 84.593457 | O29: BLACHA0,80X1500 | P29: Blacha | Q29: =P24 -> 10.3488 | R29: kg | S29: ='Ceny składowe'!C7 -> 4.2 | T29: =S29*Q29 -> 43.46496 | V29: BLACHA0,80X1500 | W29: Blacha | X29: =W24 -> 14.8992 | Y29: kg | Z29: ='Ceny składowe'!C6 -> 4.3 | AA29: =Z29*X29 -> 64.06656
A30: SILIKON UNIWERSALNY STINGER | B30: Silikon | C30: 0.05 | D30: szt | E30: ='Ceny składowe'!C78 -> 9.1 | F30: =E30*C30 -> 0.455 | H30: =VLOOKUP(1,H42:I47,2,FALSE) -> KAUCZUK 19MM | I30: Kuczuk | J30: =I18 -> 2.726328 | K30: m2 | L30: =IF(H40=J42,L42,IF(H40=J43,L43,IF(H40=J44,L44,IF(H40=J45,L45,IF(H40=J46,L46))))) -> 38.35 | M30: =L30*J30 -> 104.55468 | O30: =VLOOKUP(1,N35:O36,2,FALSE) -> INDUSTRIAL60 | P30: Wełna tłumiąca | Q30: =P18 -> 1.32 | R30: m2 | S30: =IF(N33=P35,Q35,IF(N33=P36,Q36)) -> 57.17 | T30: =S30*Q30 -> 75.4644 | V30: =VLOOKUP(1,V41:W44,2,FALSE) -> VENTILAM ALU PLUS 50MM | W30: Wełna mineralna | X30: =W18 -> 1.8 | Y30: m2 | Z30: =IF(V39=X41,Z41,IF(V39=X42,Z42,IF(V39=X43,Z43,IF(V39=X44,Z44)))) -> 32.3 | AA30: =Z30*X30 -> 58.14
H31: SILIKON UNIWERSALNY STINGER | I31: Silikon | J31: 0.05 | K31: szt | L31: ='Ceny składowe'!C78 -> 9.1 | M31: =L31*J31 -> 0.455 | O31: SILIKON UNIWERSALNY STINGER | P31: Silikon | Q31: 0.05 | R31: szt | S31: ='Ceny składowe'!C78 -> 9.1 | T31: =S31*Q31 -> 0.455 | V31: COROPLAST 75X100 LATO 930 | W31: Taśma aluiniowa | X31: =((W8*4)/1000+(W9+W10)*4/1000)/100 -> 0.084 | Y31: szt. | Z31: ='Ceny składowe'!C69 -> 38.78 | AA31: =X31*Z31 -> 3.25752
V32: SILIKON UNIWERSALNY STINGER | W32: Silikon | X32: 0.05 | Y32: szt. | Z32: ='Ceny składowe'!C78 -> 9.1 | AA32: =X32*Z32 -> 0.455
E33: Razem | F33: =F29+F30 -> 19.08284 | L33: Razem | M33: =SUM(M29:M31) -> 189.60314 | N33: ='Cennik Produkcja '!D105 -> 50 | S33: Razem | T33: =SUM(T29:T31) -> 119.38436
E34: Cena sprz. | F34: =IF(B19<1,150,B19*150) -> 150 | L34: Cena sprz. | M34: =IF(I19<1,150+(M30*2),(I19*150)+(M30*2)) -> 681.17106 | S34: Cena sprz. | T34: =T33*3.5 -> 417.84526 | Z34: Razem | AA34: =SUM(AA29:AA32) -> 125.91908
N35: =IF($N33=P35,1,0) -> 1 | O35: INDUSTRIAL60 | P35: 50 | Q35: ='Ceny składowe'!C60 -> 57.17 | Z35: Cena sprz. | AA35: =AA34*4 -> 503.67632
B36: koszt pracy | C36: =IF(AND(C12<=1000,C13<=1000),25,IF(AND(C12<=1000,C13>1000),30,IF(AND(C12>1000,C13<=1000),30,IF(AND(C12>1000,C13>1000),40)))) -> 25 | D36: min. | E36: ='Ceny składowe'!C100 -> 0 | F36: =C36*E36 -> 0 | I36: koszt pracy | J36: =IF(AND(J12<=1000,J13<=1000),25,IF(AND(J12<=1000,J13>1000),30,IF(AND(J12>1000,J13<=1000),30,IF(AND(J12>1000,J13>1000),40)))) -> 25 | K36: min. | L36: ='Ceny składowe'!J102 -> 0 | M36: =J36*L36 -> 0 | N36: =IF($N33=P36,1,0) -> 0 | O36: KNAUFBD060/100/2000/1200 | P36: 100 | Q36: ='Ceny składowe'!C62 -> 45.8
D37: materiał | E37: + praca | K37: materiał | L37: + praca | W37: koszt pracy | X37: =IF(AND(X12<=1000,X13<=1000),25,IF(AND(X12<=1000,X13>1000),30,IF(AND(X12>1000,X13<=1000),30,IF(AND(X12>1000,X13>1000),40)))) -> 25 | Y37: min. | Z37: ='Ceny składowe'!X102 -> 0 | AA37: =X37*Z37 -> 0
P38: koszt pracy | Q38: =IF(AND(Q12<=1000,Q13<=1000),25,IF(AND(Q12<=1000,Q13>1000),30,IF(AND(Q12>1000,Q13<=1000),30,IF(AND(Q12>1000,Q13>1000),40)))) -> 25 | R38: min. | S38: ='Ceny składowe'!Q102 -> 0 | T38: =Q38*S38 -> 0 | V38: ='Cennik Produkcja '!D112 -> 50 | Y38: materiał | Z38: + praca
H39: ='Cennik Produkcja '!D98 -> 19 | R39: materiał | S39: + praca | V39: =IF(V38=0,0,IF(V38=20,20,IF(V38=30,30,IF(V38=40,40,IF(V38=50,50))))) -> 50
A40: Cokół dachowy nieizolowany z ramką | H40: =IF(H39<=10,9,IF(H39<=15,13,IF(H39<=20,19,IF(H39<=25,25,IF(H39<=35,32))))) -> 19 | O40: Podstawa pod wentylator (kauczuk) | P40: POD-I-A
V41: =IF($V39=X41,1,0) -> 0 | W41: VENTILAM ALU PLUS 20MM | X41: 20 | Z41: ='Ceny składowe'!C53 -> 20.13
A42: A podstawa | B42: =B45+150 -> 550 | H42: =IF($H40=J42,1,0) -> 0 | I42: KAUCZUK 10MM | J42: 9 | L42: ='Ceny składowe'!C13 -> 26.81 | O42: typ podstawy | P42: ='Cennik Produkcja '!F77 -> H | V42: =IF($V39=X42,1,0) -> 0 | W42: VENTILAM ALU PLUS 30MM | X42: 30 | Z42: ='Ceny składowe'!C54 -> 22.57
A43: B podstawa | B43: =B46+150 -> 550 | H43: =IF($H40=J43,1,0) -> 0 | I43: KAUCZUK 13MM | J43: 13 | L43: ='Ceny składowe'!C14 -> 28.21 | O43: C podstawa | P43: =P46+120 -> 425 | Q43: mm | V43: =IF($V39=X43,1,0) -> 0 | W43: VENTILAM ALU PLUS 40MM | X43: 40 | Z43: ='Ceny składowe'!C55 -> 28.01
A44: L | B44: ='Cennik Produkcja '!D89 -> 300 | H44: =IF($H40=J44,1,0) -> 1 | I44: KAUCZUK 19MM | J44: 19 | L44: ='Ceny składowe'!C15 -> 38.35 | O44: D podstawa | P44: =P47+120 -> 425 | Q44: mm | V44: =IF($V39=X44,1,0) -> 1 | W44: VENTILAM ALU PLUS 50MM | X44: 50 | Z44: ='Ceny składowe'!C56 -> 32.3
A45: C zew boki | B45: ='Cennik Produkcja '!D87 -> 400 | H45: =IF($H40=J45,1,0) -> 0 | I45: KAIFLEX/ST/25/SAMOPRZYLEP | J45: 25 | L45: ='Ceny składowe'!C12 -> 45.27 | O45: L | P45: ='Cennik Produkcja '!D75 -> 400 | Q45: mm
A46: D zew boki | B46: ='Cennik Produkcja '!E87 -> 400 | H46: =IF($H40=J46,1,0) -> 0 | I46: INSUL-ROLL 32 | J46: 32 | L46: ='Ceny składowe'!C16 -> 57.07 | O46: A zew boki | P46: ='Cennik Produkcja '!D73 -> 305 | Q46: mm
A47: E wew góra | B47: =B45 -> 400 | O47: B zew boki | P47: ='Cennik Produkcja '!E73 -> 305 | Q47: mm
A48: F wew góra | B48: =B46 -> 400 | O48: E wew góra | P48: =P46-30 -> 275 | Q48: mm
O49: F wew góra | P49: =P47-30 -> 275 | Q49: mm
O50: Fi przyłącza | P50: ='Cennik Produkcja '!E75 -> 160 | Q50: mm
A51: Ramki | B51: =(B45+B46+B45+B46)/1000 -> 1.6
A52: Powirzchnia góry | B52: =(((B45*B46)-(B47*B48))/1000000)*1.1 -> 0 | O52: Powierzchnia góry | P52: =((P43*P44)/1000000) -> 0.180625 | Q52: m2
A53: Powierzchnia podstawy | B53: =(((B42*B43)-(B45*B46))/1000000)*1.1 -> 0.15675 | O53: Powierchnia nypla | P53: =(P50*3.14*0.5)/10000 -> 0.02512 | Q53: m2
A54: Powierzchnia boków | B54: =((((B45*B44)*2)+((B46*B44)*2))/1000000)*1.1 -> 0.528 | C54: Izolacja | O54: Powierzchnia otworu | P54: =((P50/2)*(P50/2)*3.14)/1000000 -> 0.020096 | Q54: m2
A55: Powierzchnia całkowita | B55: =B52+B53+B54 -> 0.68475 | O55: Powierzchnia boków | P55: =((((P46*(P45+45))*2)+((P47*(P45+45))*2))/1000000)*1.05 -> 0.570045 | Q55: m2
O56: Powierzchnia całkowita | P56: =P52+P55 -> 0.75067 | Q56: m2
A57: Grubość blachy | B57: 0.8 | O57: Powierzchnia całkowita skorygowana o otwór | P57: =P56-P54 -> 0.730574 | Q57: m2
A58: Współczynnik | B58: 8 | O58: Powierzchnia izolacji ścian | P58: =((((P46*P45)*2)+((P47*P45)*2))/1000000)*1.01 -> 0.49288 | Q58: m2
O59: Powierzchnia izolacji dekla | P59: =P46*P47/1000000 -> 0.093025 | Q59: m2
A60: Gramatura kg | B60: =B58*B57*B55 -> 4.3824 | O60: Grubość blachy | P60: 0.8
A61: Gramatura T | B61: =B60/1000 -> 0.0043824 | O61: Współczynnik | P61: 8
O63: Gramatura kg | P63: =P61*P60*P56 -> 4.804288 | Q63: kg
A64: KOD OPTIMA | B64: Zapotrzebowanie materiału | C64: ilość | E64: cena jedn. | F64: wartość | O64: Gramatura T | P64: =P63/1000 -> 0.004804288
A65: BLACHA0,80X1500 | B65: Blacha | C65: =B60 -> 4.3824 | D65: kg | E65: ='Ceny składowe'!C7 -> 4.2 | F65: =C65*E65 -> 18.40608
A66: PROFILRAMKI20-P | B66: Ramka | C66: =B51*1.1 -> 1.76 | D66: mb | E66: ='Ceny składowe'!C34 -> 1.89 | F66: =C66*E66 -> 3.3264
A67: NAROŻNIK-K20 | B67: Narożnik | C67: 4 | D67: szt | E67: ='Ceny składowe'!C20 -> 0.27 | F67: =C67*E67 -> 1.08 | O67: KOD OPTIMA | P67: Zapotrzebowanie materiału | Q67: ilość | S67: cena jedn. | T67: wartość
A68: SILIKON UNIWERSALNY STINGER | B68: Silikon | C68: 0.05 | D68: szt | E68: ='Ceny składowe'!C78 -> 9.1 | F68: =C68*E68 -> 0.455 | O68: BLACHA0,80X1500 | P68: Blacha 0,8 | Q68: =P63 -> 4.804288 | R68: kg | S68: ='Ceny składowe'!C7 -> 4.2 | T68: =S68*Q68 -> 20.17801
O69: BLACHA0,60X1500 | P69: Blacha 0,6 | Q69: =P53*4.8 -> 0.120576 | R69: kg | S69: ='Ceny składowe'!C6 -> 4.3 | T69: =Q69*S69 -> 0.5184768
E70: Razem | F70: =SUM(F65:F68) -> 23.26748 | O70: NITONAKRĘTKA M6 | P70: Nitonakrętki M6 | Q70: =IF(P42="A",4,IF(P42="H",0.0001)) -> 0.0001 | R70: szt. | S70: ='Ceny składowe'!C25 -> 0.16 | T70: =S70*Q70 -> 1.6e-05
E71: Cena sprz. | F71: =F70*6 -> 139.60488 | O71: NITONAKRĘTKA M8 | P71: Nitonakrętki M8 | Q71: =IF(P42="H",4,IF(P42="A",0.0001)) -> 4 | R71: szt. | S71: ='Ceny składowe'!C26 -> 0.19 | T71: =Q71*S71 -> 0.76
O72: =VLOOKUP(1,O85:P90,2,FALSE) -> KAUCZUK 10MM | P72: Kauczuk | Q72: =IF(O85=1,P58+P59,IF(O83>10,P58)) -> 0.585905 | R72: m2 | S72: =IF(O83=Q85,S85,IF(O83=Q86,S86,IF(O83=Q87,S87,IF(O83=Q88,S88,IF(O83=Q89,S89))))) -> 26.81 | T72: =S72*Q72 -> 15.708113
B73: koszt pracy | C73: =IF(AND(C47<=1000,C48<=1000),25,IF(AND(C47<=1000,C48>1000),30,IF(AND(C47>1000,C48<=1000),30,IF(AND(C47>1000,C48>1000),40)))) -> 25 | D73: min. | E73: ='Ceny składowe'!C135 -> 0 | F73: =C73*E73 -> 0 | O73: =P85 -> KAUCZUK 10MM | P73: Kauczuk 9mm (dekiel) | Q73: =IF(O83<=10,0.0001,IF(O83>10,P59)) -> 0.0001 | R73: m2 | S73: ='Ceny składowe'!C13 -> 26.81 | T73: =Q73*S73 -> 0.002681
D74: materiał | E74: + praca | O74: NITZRYWALNY 4/6 | P74: Nit zrywalny 4/6 | Q74: =(12+(P45/50))/656 -> 0.030487805 | R74: kg | S74: ='Ceny składowe'!C58 -> 17.9 | T74: =Q74*S74 -> 0.54573171
O75: SILIKON UNIWERSALNY STINGER | P75: silikon neutralny | Q75: 0.05 | R75: szt. | S75: ='Ceny składowe'!C78 -> 9.1 | T75: =Q75*S75 -> 0.455
S77: Razem | T77: =SUM(T68:T75) -> 38.168028
S78: Cena sprz. | T78: =IF(P57<1,150+(T72*2.6),(P57*150)+(T72*2.7)) -> 190.84109
S79: Narzut | T79: =(T78-T82)/T82 -> 1.3805138
P81: koszt pracy | Q81: =IF(P46>=900,IF(P45>500,190,160),IF(P46>=800,IF(P45>500,175,150),IF(P46>=700,IF(P45>500,140,120),IF(P46>=600,IF(P45>500,115,100),IF(P46>=500,IF(P45>500,95,85),IF(P46>=400,IF(P45>500,80,70),IF(P46>=300,IF(P45>=300,60,55),IF(P46>0,IF(P45>200,50,45),0)))))))) -> 60 | R81: min. | S81: ='Ceny składowe'!C94 -> 0.7 | T81: =Q81*S81 -> 42
O82: ='Cennik Produkcja '!D77 -> 10 | R82: materiał | S82: + praca | T82: =T77+T81 -> 80.168028
O83: =IF(O82=0,0,IF(O82<=10,9,IF(O82<=15,13,IF(O82<=20,19,IF(O82<=25,25,IF(O82<=35,32)))))) -> 9
O85: =IF($O83=Q85,1,0) -> 1 | P85: KAUCZUK 10MM | Q85: 9 | S85: ='Ceny składowe'!C13 -> 26.81
O86: =IF($O83=Q86,1,0) -> 0 | P86: INSUL-ROLL 13 | Q86: 13 | S86: ='Ceny składowe'!C14 -> 28.21
O87: =IF($O83=Q87,1,0) -> 0 | P87: KAUCZUK 19MM | Q87: 19 | S87: ='Ceny składowe'!C15 -> 38.35
O88: =IF($O83=Q88,1,0) -> 0 | P88: KAIFLEX/ST/25/SAMOPRZYLEP | Q88: 25 | S88: ='Ceny składowe'!C12 -> 45.27
O89: =IF($O83=Q89,1,0) -> 0 | P89: INSUL-ROLL 32 | Q89: 32 | S89: ='Ceny składowe'!C16 -> 57.07

Sheet Redukcja okrągła
B2: Redukcja okrągła
B4: A (fi) | C4: ='Cennik Produkcja '!D396 -> 560 | D4: mm
B5: B (fi) | C5: ='Cennik Produkcja '!E396 -> 450 | D5: mm
B6: L | C6: ='Cennik Produkcja '!D398 -> 150 | D6: mm
B10: Powierzchnia | C10: =((PI()*((C4+C5)/2)*SQRT(POWER(C6,2)+POWER((C4-C5)/2,2)) + PI()*C4*65 + PI()*C5*65)/1000000)*1.15 -> 0.52867125 | D10: m2
B12: Grubość blachy | C12: 0.6 | D12: mm
B13: Współczynnik | C13: 8
B15: Gramatura | C15: =(C10*C12*C13)*1.05 -> 2.6645031 | D15: kg
A20: KOD OPTIMA | B20: Zapotrzebowanie materiału | C20: ilość | E20: cena jedn. | F20: wartość
A21: BLACHA0,60X1500 | B21: Blacha 0,6 | C21: =C15 -> 2.6645031 | D21: kg | E21: ='Ceny składowe'!C6 -> 4.3 | F21: =E21*C21 -> 11.457363
E23: Koszt materiału | F23: =F21 -> 11.457363
E25: Cena H3 | F25: =(_xlfn.IFS(AND(C4<=125,C5<=125),13, AND(C4<=160,C5<=160),11.8, AND(C4<=200,C5<=200),10.5, AND(C4<=250,C5<=250),9.5, AND(C4<=315,C5<=315),8.5, TRUE,7) * (F23 * (C4+C5+100) / (C4+C5+(C6*2)))) + ((C6-50)/50*1) -> 69.957033
E26: Narzut | F26: =(F25-F23)/F23 -> 5.1058579

Sheet Rura gładka
B3: Rura gładka | H3: Rura gładka nierdzewna
B5: Fi | C5: ='Cennik Produkcja '!D361 -> 500 | D5: =C5+D7 -> 500 | H5: Fi | I5: ='Cennik Produkcja '!D368 -> 800 | J5: =I5+J7 -> 800
B6: L | C6: ='Cennik Produkcja '!D363 -> 1000 | H6: L | I6: ='Cennik Produkcja '!D370 -> 1000
B7: grubość izolacji | C7: ='Cennik Produkcja '!E363 -> Brak | D7: =IF(C7="Brak",0,IF(C7>10,C7*2)) -> 0 | H7: grubość izolacji | I7: ='Cennik Produkcja '!E370 -> Brak | J7: =IF(I7="Brak",0,IF(I7>10,I7*2)) -> 0
B8: Zakończenie lewe | C8: ='Cennik Produkcja '!D365 -> Brak
B9: Zakończenie prawe | C9: ='Cennik Produkcja '!E365 -> Brak
B11: Powierzchnia rury | C11: =(((C5*3.14)+7)*C6)/1000000 -> 1.577 | D11: m2 | H11: Powierzchnia rury | I11: =(((I5*3.14)+7)*I6)/1000000 -> 2.519 | J11: m2
